<annotation>
	<folder></folder>
	<filename>organic017_jpg.rf.0742666117d2550b2ea691354832f45a.jpg</filename>
	<path>organic017_jpg.rf.0742666117d2550b2ea691354832f45a.jpg</path>
	<source>
		<database>roboflow.com</database>
	</source>
	<size>
		<width>300</width>
		<height>300</height>
		<depth>3</depth>
	</size>
	<segmented>0</segmented>
	<object>
		<name>food</name>
		<pose>Unspecified</pose>
		<truncated>0</truncated>
		<difficult>0</difficult>
		<occluded>0</occluded>
		<bndbox>
			<xmin>50</xmin>
			<xmax>216</xmax>
			<ymin>43</ymin>
			<ymax>213</ymax>
		</bndbox>
	</object>
</annotation>
