<annotation>
	<folder></folder>
	<filename>organic063_jpg.rf.abf90020b7d9a743230dbaefafbf0e31.jpg</filename>
	<path>organic063_jpg.rf.abf90020b7d9a743230dbaefafbf0e31.jpg</path>
	<source>
		<database>roboflow.com</database>
	</source>
	<size>
		<width>300</width>
		<height>300</height>
		<depth>3</depth>
	</size>
	<segmented>0</segmented>
	<object>
		<name>food</name>
		<pose>Unspecified</pose>
		<truncated>0</truncated>
		<difficult>0</difficult>
		<occluded>0</occluded>
		<bndbox>
			<xmin>21</xmin>
			<xmax>276</xmax>
			<ymin>8</ymin>
			<ymax>292</ymax>
		</bndbox>
	</object>
</annotation>
