<annotation>
	<folder></folder>
	<filename>organic118_jpg.rf.3f4cbe894731ceb4789ae33e64a6c79e.jpg</filename>
	<path>organic118_jpg.rf.3f4cbe894731ceb4789ae33e64a6c79e.jpg</path>
	<source>
		<database>roboflow.com</database>
	</source>
	<size>
		<width>300</width>
		<height>300</height>
		<depth>3</depth>
	</size>
	<segmented>0</segmented>
	<object>
		<name>food</name>
		<pose>Unspecified</pose>
		<truncated>0</truncated>
		<difficult>0</difficult>
		<occluded>0</occluded>
		<bndbox>
			<xmin>7</xmin>
			<xmax>301</xmax>
			<ymin>1</ymin>
			<ymax>297</ymax>
		</bndbox>
	</object>
</annotation>
