<annotation>
	<folder></folder>
	<filename>organic014_jpg.rf.8ccf88197523bd2b69b47c1dbe9d1005.jpg</filename>
	<path>organic014_jpg.rf.8ccf88197523bd2b69b47c1dbe9d1005.jpg</path>
	<source>
		<database>roboflow.com</database>
	</source>
	<size>
		<width>300</width>
		<height>300</height>
		<depth>3</depth>
	</size>
	<segmented>0</segmented>
	<object>
		<name>food</name>
		<pose>Unspecified</pose>
		<truncated>0</truncated>
		<difficult>0</difficult>
		<occluded>0</occluded>
		<bndbox>
			<xmin>1</xmin>
			<xmax>301</xmax>
			<ymin>1</ymin>
			<ymax>301</ymax>
		</bndbox>
	</object>
</annotation>
