<annotation>
	<folder></folder>
	<filename>organic001_jpg.rf.bae2856e89113bf38a46aa14858acb93.jpg</filename>
	<path>organic001_jpg.rf.bae2856e89113bf38a46aa14858acb93.jpg</path>
	<source>
		<database>roboflow.com</database>
	</source>
	<size>
		<width>300</width>
		<height>300</height>
		<depth>3</depth>
	</size>
	<segmented>0</segmented>
	<object>
		<name>food</name>
		<pose>Unspecified</pose>
		<truncated>0</truncated>
		<difficult>0</difficult>
		<occluded>0</occluded>
		<bndbox>
			<xmin>52</xmin>
			<xmax>286</xmax>
			<ymin>49</ymin>
			<ymax>261</ymax>
		</bndbox>
	</object>
</annotation>
