<annotation>
	<folder></folder>
	<filename>organic138_jpg.rf.3603ebf9c53d15b9891e7276d1a28916.jpg</filename>
	<path>organic138_jpg.rf.3603ebf9c53d15b9891e7276d1a28916.jpg</path>
	<source>
		<database>roboflow.com</database>
	</source>
	<size>
		<width>300</width>
		<height>300</height>
		<depth>3</depth>
	</size>
	<segmented>0</segmented>
	<object>
		<name>food</name>
		<pose>Unspecified</pose>
		<truncated>0</truncated>
		<difficult>0</difficult>
		<occluded>0</occluded>
		<bndbox>
			<xmin>3</xmin>
			<xmax>283</xmax>
			<ymin>38</ymin>
			<ymax>244</ymax>
		</bndbox>
	</object>
</annotation>
