<annotation>
	<folder></folder>
	<filename>organic090_jpg.rf.24ad3f948a7ee44cc65670f5118dd92d.jpg</filename>
	<path>organic090_jpg.rf.24ad3f948a7ee44cc65670f5118dd92d.jpg</path>
	<source>
		<database>roboflow.com</database>
	</source>
	<size>
		<width>300</width>
		<height>300</height>
		<depth>3</depth>
	</size>
	<segmented>0</segmented>
	<object>
		<name>food</name>
		<pose>Unspecified</pose>
		<truncated>0</truncated>
		<difficult>0</difficult>
		<occluded>0</occluded>
		<bndbox>
			<xmin>19</xmin>
			<xmax>293</xmax>
			<ymin>15</ymin>
			<ymax>287</ymax>
		</bndbox>
	</object>
</annotation>
