<annotation>
	<folder></folder>
	<filename>organic099_jpg.rf.114340a49233a4a2d335dbeb0c718ba2.jpg</filename>
	<path>organic099_jpg.rf.114340a49233a4a2d335dbeb0c718ba2.jpg</path>
	<source>
		<database>roboflow.com</database>
	</source>
	<size>
		<width>300</width>
		<height>300</height>
		<depth>3</depth>
	</size>
	<segmented>0</segmented>
	<object>
		<name>food</name>
		<pose>Unspecified</pose>
		<truncated>0</truncated>
		<difficult>0</difficult>
		<occluded>0</occluded>
		<bndbox>
			<xmin>2</xmin>
			<xmax>238</xmax>
			<ymin>1</ymin>
			<ymax>262</ymax>
		</bndbox>
	</object>
</annotation>
