<annotation>
	<folder></folder>
	<filename>organic145_jpg.rf.e4bfca9b57fe4ba85a92f8f0aa9585b9.jpg</filename>
	<path>organic145_jpg.rf.e4bfca9b57fe4ba85a92f8f0aa9585b9.jpg</path>
	<source>
		<database>roboflow.com</database>
	</source>
	<size>
		<width>300</width>
		<height>300</height>
		<depth>3</depth>
	</size>
	<segmented>0</segmented>
	<object>
		<name>food</name>
		<pose>Unspecified</pose>
		<truncated>0</truncated>
		<difficult>0</difficult>
		<occluded>0</occluded>
		<bndbox>
			<xmin>21</xmin>
			<xmax>276</xmax>
			<ymin>28</ymin>
			<ymax>298</ymax>
		</bndbox>
	</object>
</annotation>
