<annotation>
	<folder></folder>
	<filename>organic098_jpg.rf.7437323a63f72e6a089fd90b20964b3d.jpg</filename>
	<path>organic098_jpg.rf.7437323a63f72e6a089fd90b20964b3d.jpg</path>
	<source>
		<database>roboflow.com</database>
	</source>
	<size>
		<width>300</width>
		<height>300</height>
		<depth>3</depth>
	</size>
	<segmented>0</segmented>
	<object>
		<name>food</name>
		<pose>Unspecified</pose>
		<truncated>0</truncated>
		<difficult>0</difficult>
		<occluded>0</occluded>
		<bndbox>
			<xmin>27</xmin>
			<xmax>301</xmax>
			<ymin>4</ymin>
			<ymax>297</ymax>
		</bndbox>
	</object>
</annotation>
