<annotation>
	<folder></folder>
	<filename>organic039_jpg.rf.36e1d41d61b751e6576a1e75a8aef47c.jpg</filename>
	<path>organic039_jpg.rf.36e1d41d61b751e6576a1e75a8aef47c.jpg</path>
	<source>
		<database>roboflow.com</database>
	</source>
	<size>
		<width>300</width>
		<height>300</height>
		<depth>3</depth>
	</size>
	<segmented>0</segmented>
	<object>
		<name>food</name>
		<pose>Unspecified</pose>
		<truncated>0</truncated>
		<difficult>0</difficult>
		<occluded>0</occluded>
		<bndbox>
			<xmin>18</xmin>
			<xmax>274</xmax>
			<ymin>1</ymin>
			<ymax>299</ymax>
		</bndbox>
	</object>
</annotation>
