<annotation>
	<folder></folder>
	<filename>organic045_jpg.rf.793507a74c48f0cd8d2712ac9c19bb45.jpg</filename>
	<path>organic045_jpg.rf.793507a74c48f0cd8d2712ac9c19bb45.jpg</path>
	<source>
		<database>roboflow.com</database>
	</source>
	<size>
		<width>300</width>
		<height>300</height>
		<depth>3</depth>
	</size>
	<segmented>0</segmented>
	<object>
		<name>food</name>
		<pose>Unspecified</pose>
		<truncated>0</truncated>
		<difficult>0</difficult>
		<occluded>0</occluded>
		<bndbox>
			<xmin>37</xmin>
			<xmax>287</xmax>
			<ymin>42</ymin>
			<ymax>301</ymax>
		</bndbox>
	</object>
</annotation>
