<annotation>
	<folder></folder>
	<filename>organic054_jpg.rf.9a6c9a31369416faa39aad0bf84bf65f.jpg</filename>
	<path>organic054_jpg.rf.9a6c9a31369416faa39aad0bf84bf65f.jpg</path>
	<source>
		<database>roboflow.com</database>
	</source>
	<size>
		<width>300</width>
		<height>300</height>
		<depth>3</depth>
	</size>
	<segmented>0</segmented>
	<object>
		<name>food</name>
		<pose>Unspecified</pose>
		<truncated>0</truncated>
		<difficult>0</difficult>
		<occluded>0</occluded>
		<bndbox>
			<xmin>33</xmin>
			<xmax>294</xmax>
			<ymin>22</ymin>
			<ymax>285</ymax>
		</bndbox>
	</object>
	<metadata>
		<tags>
			<tag>food</tag>
			<tag>plastic</tag>
			<tag>wood</tag>
			<tag>paper</tag>
		</tags>
	</metadata>
</annotation>
