<annotation>
	<folder></folder>
	<filename>organic108_jpg.rf.03b6991c87d28e1f557c0c9415d612df.jpg</filename>
	<path>organic108_jpg.rf.03b6991c87d28e1f557c0c9415d612df.jpg</path>
	<source>
		<database>roboflow.com</database>
	</source>
	<size>
		<width>300</width>
		<height>300</height>
		<depth>3</depth>
	</size>
	<segmented>0</segmented>
	<object>
		<name>food</name>
		<pose>Unspecified</pose>
		<truncated>0</truncated>
		<difficult>0</difficult>
		<occluded>0</occluded>
		<bndbox>
			<xmin>45</xmin>
			<xmax>256</xmax>
			<ymin>13</ymin>
			<ymax>289</ymax>
		</bndbox>
	</object>
</annotation>
