<annotation>
	<folder></folder>
	<filename>organic008_jpg.rf.e5d2f12092be5851ea8cabb7cea1af16.jpg</filename>
	<path>organic008_jpg.rf.e5d2f12092be5851ea8cabb7cea1af16.jpg</path>
	<source>
		<database>roboflow.com</database>
	</source>
	<size>
		<width>300</width>
		<height>300</height>
		<depth>3</depth>
	</size>
	<segmented>0</segmented>
	<object>
		<name>food</name>
		<pose>Unspecified</pose>
		<truncated>0</truncated>
		<difficult>0</difficult>
		<occluded>0</occluded>
		<bndbox>
			<xmin>12</xmin>
			<xmax>277</xmax>
			<ymin>28</ymin>
			<ymax>275</ymax>
		</bndbox>
	</object>
</annotation>
