<annotation>
	<folder></folder>
	<filename>organic171_jpg.rf.8ca7069d7db7db7ffe4e992aea1432d8.jpg</filename>
	<path>organic171_jpg.rf.8ca7069d7db7db7ffe4e992aea1432d8.jpg</path>
	<source>
		<database>roboflow.com</database>
	</source>
	<size>
		<width>300</width>
		<height>300</height>
		<depth>3</depth>
	</size>
	<segmented>0</segmented>
	<object>
		<name>food</name>
		<pose>Unspecified</pose>
		<truncated>0</truncated>
		<difficult>0</difficult>
		<occluded>0</occluded>
		<bndbox>
			<xmin>19</xmin>
			<xmax>254</xmax>
			<ymin>40</ymin>
			<ymax>270</ymax>
		</bndbox>
	</object>
</annotation>
