<annotation>
	<folder></folder>
	<filename>organic188_jpg.rf.a6abe17b54f32c503ea7713315dbf281.jpg</filename>
	<path>organic188_jpg.rf.a6abe17b54f32c503ea7713315dbf281.jpg</path>
	<source>
		<database>roboflow.com</database>
	</source>
	<size>
		<width>300</width>
		<height>300</height>
		<depth>3</depth>
	</size>
	<segmented>0</segmented>
	<object>
		<name>food</name>
		<pose>Unspecified</pose>
		<truncated>0</truncated>
		<difficult>0</difficult>
		<occluded>0</occluded>
		<bndbox>
			<xmin>39</xmin>
			<xmax>214</xmax>
			<ymin>54</ymin>
			<ymax>170</ymax>
		</bndbox>
	</object>
</annotation>
