<annotation>
	<folder></folder>
	<filename>organic066_jpg.rf.ff36d7a4b992e21e0d6a1d2b0f0643ab.jpg</filename>
	<path>organic066_jpg.rf.ff36d7a4b992e21e0d6a1d2b0f0643ab.jpg</path>
	<source>
		<database>roboflow.com</database>
	</source>
	<size>
		<width>300</width>
		<height>300</height>
		<depth>3</depth>
	</size>
	<segmented>0</segmented>
	<object>
		<name>food</name>
		<pose>Unspecified</pose>
		<truncated>0</truncated>
		<difficult>0</difficult>
		<occluded>0</occluded>
		<bndbox>
			<xmin>34</xmin>
			<xmax>283</xmax>
			<ymin>42</ymin>
			<ymax>291</ymax>
		</bndbox>
	</object>
</annotation>
