<annotation>
	<folder></folder>
	<filename>organic109_jpg.rf.f025e9d1d42883b0d70f5dad08dc7b2d.jpg</filename>
	<path>organic109_jpg.rf.f025e9d1d42883b0d70f5dad08dc7b2d.jpg</path>
	<source>
		<database>roboflow.com</database>
	</source>
	<size>
		<width>300</width>
		<height>300</height>
		<depth>3</depth>
	</size>
	<segmented>0</segmented>
	<object>
		<name>food</name>
		<pose>Unspecified</pose>
		<truncated>0</truncated>
		<difficult>0</difficult>
		<occluded>0</occluded>
		<bndbox>
			<xmin>1</xmin>
			<xmax>301</xmax>
			<ymin>27</ymin>
			<ymax>296</ymax>
		</bndbox>
	</object>
</annotation>
