<annotation>
	<folder></folder>
	<filename>organic059_jpg.rf.d82434055fdbb393a79839c7c633eca6.jpg</filename>
	<path>organic059_jpg.rf.d82434055fdbb393a79839c7c633eca6.jpg</path>
	<source>
		<database>roboflow.com</database>
	</source>
	<size>
		<width>300</width>
		<height>300</height>
		<depth>3</depth>
	</size>
	<segmented>0</segmented>
	<object>
		<name>food</name>
		<pose>Unspecified</pose>
		<truncated>0</truncated>
		<difficult>0</difficult>
		<occluded>0</occluded>
		<bndbox>
			<xmin>36</xmin>
			<xmax>301</xmax>
			<ymin>1</ymin>
			<ymax>299</ymax>
		</bndbox>
	</object>
</annotation>
