<annotation>
	<folder></folder>
	<filename>organic067_jpg.rf.b9acc985a02a38e989c47e591f990d6d.jpg</filename>
	<path>organic067_jpg.rf.b9acc985a02a38e989c47e591f990d6d.jpg</path>
	<source>
		<database>roboflow.com</database>
	</source>
	<size>
		<width>300</width>
		<height>300</height>
		<depth>3</depth>
	</size>
	<segmented>0</segmented>
	<object>
		<name>food</name>
		<pose>Unspecified</pose>
		<truncated>0</truncated>
		<difficult>0</difficult>
		<occluded>0</occluded>
		<bndbox>
			<xmin>101</xmin>
			<xmax>178</xmax>
			<ymin>119</ymin>
			<ymax>236</ymax>
		</bndbox>
	</object>
</annotation>
