<annotation>
	<folder></folder>
	<filename>organic009_jpg.rf.ade90321085e5737f8325b52d2b98641.jpg</filename>
	<path>organic009_jpg.rf.ade90321085e5737f8325b52d2b98641.jpg</path>
	<source>
		<database>roboflow.com</database>
	</source>
	<size>
		<width>300</width>
		<height>300</height>
		<depth>3</depth>
	</size>
	<segmented>0</segmented>
	<object>
		<name>food</name>
		<pose>Unspecified</pose>
		<truncated>0</truncated>
		<difficult>0</difficult>
		<occluded>0</occluded>
		<bndbox>
			<xmin>15</xmin>
			<xmax>292</xmax>
			<ymin>31</ymin>
			<ymax>260</ymax>
		</bndbox>
	</object>
</annotation>
