<annotation>
	<folder></folder>
	<filename>organic053_png.rf.93dfc2bac112c47513458fb2bc5f9323.jpg</filename>
	<path>organic053_png.rf.93dfc2bac112c47513458fb2bc5f9323.jpg</path>
	<source>
		<database>roboflow.com</database>
	</source>
	<size>
		<width>300</width>
		<height>300</height>
		<depth>3</depth>
	</size>
	<segmented>0</segmented>
	<object>
		<name>food</name>
		<pose>Unspecified</pose>
		<truncated>0</truncated>
		<difficult>0</difficult>
		<occluded>0</occluded>
		<bndbox>
			<xmin>2</xmin>
			<xmax>301</xmax>
			<ymin>14</ymin>
			<ymax>280</ymax>
		</bndbox>
	</object>
	<metadata>
		<tags>
			<tag>food</tag>
			<tag>plastic</tag>
			<tag>wood</tag>
			<tag>paper</tag>
		</tags>
	</metadata>
</annotation>
