<annotation>
	<folder></folder>
	<filename>organic131_jpg.rf.aaacdd345c313c3e177e60d467d8df8b.jpg</filename>
	<path>organic131_jpg.rf.aaacdd345c313c3e177e60d467d8df8b.jpg</path>
	<source>
		<database>roboflow.com</database>
	</source>
	<size>
		<width>300</width>
		<height>300</height>
		<depth>3</depth>
	</size>
	<segmented>0</segmented>
	<object>
		<name>food</name>
		<pose>Unspecified</pose>
		<truncated>0</truncated>
		<difficult>0</difficult>
		<occluded>0</occluded>
		<bndbox>
			<xmin>21</xmin>
			<xmax>99</xmax>
			<ymin>180</ymin>
			<ymax>265</ymax>
		</bndbox>
	</object>
	<object>
		<name>food</name>
		<pose>Unspecified</pose>
		<truncated>0</truncated>
		<difficult>0</difficult>
		<occluded>0</occluded>
		<bndbox>
			<xmin>106</xmin>
			<xmax>183</xmax>
			<ymin>163</ymin>
			<ymax>267</ymax>
		</bndbox>
	</object>
	<object>
		<name>food</name>
		<pose>Unspecified</pose>
		<truncated>0</truncated>
		<difficult>0</difficult>
		<occluded>0</occluded>
		<bndbox>
			<xmin>183</xmin>
			<xmax>287</xmax>
			<ymin>182</ymin>
			<ymax>268</ymax>
		</bndbox>
	</object>
</annotation>
