<annotation>
	<folder></folder>
	<filename>organic020_jpg.rf.30f3a3b05fccbb83217164ad17f06050.jpg</filename>
	<path>organic020_jpg.rf.30f3a3b05fccbb83217164ad17f06050.jpg</path>
	<source>
		<database>roboflow.com</database>
	</source>
	<size>
		<width>300</width>
		<height>300</height>
		<depth>3</depth>
	</size>
	<segmented>0</segmented>
	<object>
		<name>food</name>
		<pose>Unspecified</pose>
		<truncated>0</truncated>
		<difficult>0</difficult>
		<occluded>0</occluded>
		<bndbox>
			<xmin>1</xmin>
			<xmax>301</xmax>
			<ymin>32</ymin>
			<ymax>268</ymax>
		</bndbox>
	</object>
</annotation>
