<annotation>
	<folder></folder>
	<filename>organic035_jpg.rf.984a396c5dbb2d823173a2d7549e6cfd.jpg</filename>
	<path>organic035_jpg.rf.984a396c5dbb2d823173a2d7549e6cfd.jpg</path>
	<source>
		<database>roboflow.com</database>
	</source>
	<size>
		<width>300</width>
		<height>300</height>
		<depth>3</depth>
	</size>
	<segmented>0</segmented>
	<object>
		<name>food</name>
		<pose>Unspecified</pose>
		<truncated>0</truncated>
		<difficult>0</difficult>
		<occluded>0</occluded>
		<bndbox>
			<xmin>1</xmin>
			<xmax>301</xmax>
			<ymin>30</ymin>
			<ymax>301</ymax>
		</bndbox>
	</object>
</annotation>
