<annotation>
	<folder></folder>
	<filename>organic078_jpg.rf.94d0557337f6b50e67927761e4c21ba7.jpg</filename>
	<path>organic078_jpg.rf.94d0557337f6b50e67927761e4c21ba7.jpg</path>
	<source>
		<database>roboflow.com</database>
	</source>
	<size>
		<width>300</width>
		<height>300</height>
		<depth>3</depth>
	</size>
	<segmented>0</segmented>
	<object>
		<name>food</name>
		<pose>Unspecified</pose>
		<truncated>0</truncated>
		<difficult>0</difficult>
		<occluded>0</occluded>
		<bndbox>
			<xmin>23</xmin>
			<xmax>163</xmax>
			<ymin>109</ymin>
			<ymax>285</ymax>
		</bndbox>
	</object>
	<object>
		<name>food</name>
		<pose>Unspecified</pose>
		<truncated>0</truncated>
		<difficult>0</difficult>
		<occluded>0</occluded>
		<bndbox>
			<xmin>169</xmin>
			<xmax>255</xmax>
			<ymin>77</ymin>
			<ymax>281</ymax>
		</bndbox>
	</object>
</annotation>
