<annotation>
	<folder></folder>
	<filename>organic165_jpg.rf.19eb5599dc3afc0799725eaf60c1ffcb.jpg</filename>
	<path>organic165_jpg.rf.19eb5599dc3afc0799725eaf60c1ffcb.jpg</path>
	<source>
		<database>roboflow.com</database>
	</source>
	<size>
		<width>300</width>
		<height>300</height>
		<depth>3</depth>
	</size>
	<segmented>0</segmented>
	<object>
		<name>food</name>
		<pose>Unspecified</pose>
		<truncated>0</truncated>
		<difficult>0</difficult>
		<occluded>0</occluded>
		<bndbox>
			<xmin>59</xmin>
			<xmax>233</xmax>
			<ymin>28</ymin>
			<ymax>273</ymax>
		</bndbox>
	</object>
</annotation>
