<annotation>
	<folder></folder>
	<filename>organic178_jpg.rf.7d4fd6abf47865d81a2aea3b21dfac0e.jpg</filename>
	<path>organic178_jpg.rf.7d4fd6abf47865d81a2aea3b21dfac0e.jpg</path>
	<source>
		<database>roboflow.com</database>
	</source>
	<size>
		<width>300</width>
		<height>300</height>
		<depth>3</depth>
	</size>
	<segmented>0</segmented>
	<object>
		<name>food</name>
		<pose>Unspecified</pose>
		<truncated>0</truncated>
		<difficult>0</difficult>
		<occluded>0</occluded>
		<bndbox>
			<xmin>1</xmin>
			<xmax>301</xmax>
			<ymin>73</ymin>
			<ymax>262</ymax>
		</bndbox>
	</object>
</annotation>
