<annotation>
	<folder></folder>
	<filename>organic101_jpg.rf.424e19237fcc6f62ccc18248d8733e30.jpg</filename>
	<path>organic101_jpg.rf.424e19237fcc6f62ccc18248d8733e30.jpg</path>
	<source>
		<database>roboflow.com</database>
	</source>
	<size>
		<width>300</width>
		<height>300</height>
		<depth>3</depth>
	</size>
	<segmented>0</segmented>
	<object>
		<name>food</name>
		<pose>Unspecified</pose>
		<truncated>0</truncated>
		<difficult>0</difficult>
		<occluded>0</occluded>
		<bndbox>
			<xmin>13</xmin>
			<xmax>282</xmax>
			<ymin>12</ymin>
			<ymax>290</ymax>
		</bndbox>
	</object>
</annotation>
