<annotation>
	<folder></folder>
	<filename>organic040_jpg.rf.5514741b850194315e8f4365817a7e03.jpg</filename>
	<path>organic040_jpg.rf.5514741b850194315e8f4365817a7e03.jpg</path>
	<source>
		<database>roboflow.com</database>
	</source>
	<size>
		<width>300</width>
		<height>300</height>
		<depth>3</depth>
	</size>
	<segmented>0</segmented>
	<object>
		<name>food</name>
		<pose>Unspecified</pose>
		<truncated>0</truncated>
		<difficult>0</difficult>
		<occluded>0</occluded>
		<bndbox>
			<xmin>24</xmin>
			<xmax>285</xmax>
			<ymin>1</ymin>
			<ymax>301</ymax>
		</bndbox>
	</object>
</annotation>
