<annotation>
	<folder></folder>
	<filename>organic085_jpg.rf.e4e6b79402ae956fd5c8ae8ce30f4278.jpg</filename>
	<path>organic085_jpg.rf.e4e6b79402ae956fd5c8ae8ce30f4278.jpg</path>
	<source>
		<database>roboflow.com</database>
	</source>
	<size>
		<width>300</width>
		<height>300</height>
		<depth>3</depth>
	</size>
	<segmented>0</segmented>
	<object>
		<name>food</name>
		<pose>Unspecified</pose>
		<truncated>0</truncated>
		<difficult>0</difficult>
		<occluded>0</occluded>
		<bndbox>
			<xmin>33</xmin>
			<xmax>292</xmax>
			<ymin>34</ymin>
			<ymax>299</ymax>
		</bndbox>
	</object>
</annotation>
