<annotation>
	<folder></folder>
	<filename>organic022_jpg.rf.d743ed341acb8e7a75e0cfbbed5a8967.jpg</filename>
	<path>organic022_jpg.rf.d743ed341acb8e7a75e0cfbbed5a8967.jpg</path>
	<source>
		<database>roboflow.com</database>
	</source>
	<size>
		<width>300</width>
		<height>300</height>
		<depth>3</depth>
	</size>
	<segmented>0</segmented>
	<object>
		<name>food</name>
		<pose>Unspecified</pose>
		<truncated>0</truncated>
		<difficult>0</difficult>
		<occluded>0</occluded>
		<bndbox>
			<xmin>50</xmin>
			<xmax>244</xmax>
			<ymin>50</ymin>
			<ymax>270</ymax>
		</bndbox>
	</object>
</annotation>
