<annotation>
	<folder></folder>
	<filename>organic011_jpg.rf.661aba385af0e1b51708b3dfdc60affd.jpg</filename>
	<path>organic011_jpg.rf.661aba385af0e1b51708b3dfdc60affd.jpg</path>
	<source>
		<database>roboflow.com</database>
	</source>
	<size>
		<width>300</width>
		<height>300</height>
		<depth>3</depth>
	</size>
	<segmented>0</segmented>
	<object>
		<name>food</name>
		<pose>Unspecified</pose>
		<truncated>0</truncated>
		<difficult>0</difficult>
		<occluded>0</occluded>
		<bndbox>
			<xmin>87</xmin>
			<xmax>267</xmax>
			<ymin>46</ymin>
			<ymax>260</ymax>
		</bndbox>
	</object>
</annotation>
