<annotation>
	<folder></folder>
	<filename>organic016_jpg.rf.11c05bbeab92913b299eeb8a017916f0.jpg</filename>
	<path>organic016_jpg.rf.11c05bbeab92913b299eeb8a017916f0.jpg</path>
	<source>
		<database>roboflow.com</database>
	</source>
	<size>
		<width>300</width>
		<height>300</height>
		<depth>3</depth>
	</size>
	<segmented>0</segmented>
	<object>
		<name>food</name>
		<pose>Unspecified</pose>
		<truncated>0</truncated>
		<difficult>0</difficult>
		<occluded>0</occluded>
		<bndbox>
			<xmin>65</xmin>
			<xmax>206</xmax>
			<ymin>80</ymin>
			<ymax>274</ymax>
		</bndbox>
	</object>
</annotation>
