<annotation>
	<folder></folder>
	<filename>organic176_jpg.rf.9bbaf5516f376d9b1c805a09348e6784.jpg</filename>
	<path>organic176_jpg.rf.9bbaf5516f376d9b1c805a09348e6784.jpg</path>
	<source>
		<database>roboflow.com</database>
	</source>
	<size>
		<width>300</width>
		<height>300</height>
		<depth>3</depth>
	</size>
	<segmented>0</segmented>
	<object>
		<name>food</name>
		<pose>Unspecified</pose>
		<truncated>0</truncated>
		<difficult>0</difficult>
		<occluded>0</occluded>
		<bndbox>
			<xmin>1</xmin>
			<xmax>288</xmax>
			<ymin>1</ymin>
			<ymax>288</ymax>
		</bndbox>
	</object>
</annotation>
