<annotation>
	<folder></folder>
	<filename>organic123_jpg.rf.6834649d60196ad3685bbfce167b6c3f.jpg</filename>
	<path>organic123_jpg.rf.6834649d60196ad3685bbfce167b6c3f.jpg</path>
	<source>
		<database>roboflow.com</database>
	</source>
	<size>
		<width>300</width>
		<height>300</height>
		<depth>3</depth>
	</size>
	<segmented>0</segmented>
	<object>
		<name>food</name>
		<pose>Unspecified</pose>
		<truncated>0</truncated>
		<difficult>0</difficult>
		<occluded>0</occluded>
		<bndbox>
			<xmin>10</xmin>
			<xmax>291</xmax>
			<ymin>97</ymin>
			<ymax>301</ymax>
		</bndbox>
	</object>
</annotation>
