<annotation>
	<folder></folder>
	<filename>organic081_jpg.rf.a6192c8643b8657acc553441f1b61c6e.jpg</filename>
	<path>organic081_jpg.rf.a6192c8643b8657acc553441f1b61c6e.jpg</path>
	<source>
		<database>roboflow.com</database>
	</source>
	<size>
		<width>300</width>
		<height>300</height>
		<depth>3</depth>
	</size>
	<segmented>0</segmented>
	<object>
		<name>food</name>
		<pose>Unspecified</pose>
		<truncated>0</truncated>
		<difficult>0</difficult>
		<occluded>0</occluded>
		<bndbox>
			<xmin>26</xmin>
			<xmax>261</xmax>
			<ymin>33</ymin>
			<ymax>261</ymax>
		</bndbox>
	</object>
</annotation>
