<annotation>
	<folder></folder>
	<filename>organic111_jpg.rf.1ef72485e3c92cc084960b2811f3957b.jpg</filename>
	<path>organic111_jpg.rf.1ef72485e3c92cc084960b2811f3957b.jpg</path>
	<source>
		<database>roboflow.com</database>
	</source>
	<size>
		<width>300</width>
		<height>300</height>
		<depth>3</depth>
	</size>
	<segmented>0</segmented>
	<object>
		<name>food</name>
		<pose>Unspecified</pose>
		<truncated>0</truncated>
		<difficult>0</difficult>
		<occluded>0</occluded>
		<bndbox>
			<xmin>12</xmin>
			<xmax>298</xmax>
			<ymin>1</ymin>
			<ymax>291</ymax>
		</bndbox>
	</object>
</annotation>
