<annotation>
	<folder></folder>
	<filename>organic007_jpg.rf.8e52ce32012ca401df6d8654c7fa5705.jpg</filename>
	<path>organic007_jpg.rf.8e52ce32012ca401df6d8654c7fa5705.jpg</path>
	<source>
		<database>roboflow.com</database>
	</source>
	<size>
		<width>300</width>
		<height>300</height>
		<depth>3</depth>
	</size>
	<segmented>0</segmented>
	<object>
		<name>food</name>
		<pose>Unspecified</pose>
		<truncated>0</truncated>
		<difficult>0</difficult>
		<occluded>0</occluded>
		<bndbox>
			<xmin>8</xmin>
			<xmax>277</xmax>
			<ymin>1</ymin>
			<ymax>274</ymax>
		</bndbox>
	</object>
</annotation>
