<annotation>
	<folder></folder>
	<filename>organic062_jpg.rf.cd246d6a772f4be1ff083b3b10eaa18e.jpg</filename>
	<path>organic062_jpg.rf.cd246d6a772f4be1ff083b3b10eaa18e.jpg</path>
	<source>
		<database>roboflow.com</database>
	</source>
	<size>
		<width>300</width>
		<height>300</height>
		<depth>3</depth>
	</size>
	<segmented>0</segmented>
	<object>
		<name>food</name>
		<pose>Unspecified</pose>
		<truncated>0</truncated>
		<difficult>0</difficult>
		<occluded>0</occluded>
		<bndbox>
			<xmin>1</xmin>
			<xmax>268</xmax>
			<ymin>1</ymin>
			<ymax>301</ymax>
		</bndbox>
	</object>
</annotation>
