<annotation>
	<folder></folder>
	<filename>organic072_jpg.rf.771ab008fff2c1dd9f7cc8a14efaf746.jpg</filename>
	<path>organic072_jpg.rf.771ab008fff2c1dd9f7cc8a14efaf746.jpg</path>
	<source>
		<database>roboflow.com</database>
	</source>
	<size>
		<width>300</width>
		<height>300</height>
		<depth>3</depth>
	</size>
	<segmented>0</segmented>
	<object>
		<name>food</name>
		<pose>Unspecified</pose>
		<truncated>0</truncated>
		<difficult>0</difficult>
		<occluded>0</occluded>
		<bndbox>
			<xmin>1</xmin>
			<xmax>301</xmax>
			<ymin>1</ymin>
			<ymax>301</ymax>
		</bndbox>
	</object>
</annotation>
