<annotation>
	<folder></folder>
	<filename>organic192_jpg.rf.38e2380363bbaea29640f1d426d19b49.jpg</filename>
	<path>organic192_jpg.rf.38e2380363bbaea29640f1d426d19b49.jpg</path>
	<source>
		<database>roboflow.com</database>
	</source>
	<size>
		<width>300</width>
		<height>300</height>
		<depth>3</depth>
	</size>
	<segmented>0</segmented>
	<object>
		<name>food</name>
		<pose>Unspecified</pose>
		<truncated>0</truncated>
		<difficult>0</difficult>
		<occluded>0</occluded>
		<bndbox>
			<xmin>3</xmin>
			<xmax>301</xmax>
			<ymin>4</ymin>
			<ymax>278</ymax>
		</bndbox>
	</object>
</annotation>
