<annotation>
	<folder></folder>
	<filename>organic124_jpg.rf.bb5af26bcc9e072a62b9ccc3add87598.jpg</filename>
	<path>organic124_jpg.rf.bb5af26bcc9e072a62b9ccc3add87598.jpg</path>
	<source>
		<database>roboflow.com</database>
	</source>
	<size>
		<width>300</width>
		<height>300</height>
		<depth>3</depth>
	</size>
	<segmented>0</segmented>
	<object>
		<name>food</name>
		<pose>Unspecified</pose>
		<truncated>0</truncated>
		<difficult>0</difficult>
		<occluded>0</occluded>
		<bndbox>
			<xmin>3</xmin>
			<xmax>282</xmax>
			<ymin>26</ymin>
			<ymax>270</ymax>
		</bndbox>
	</object>
</annotation>
