<annotation>
	<folder></folder>
	<filename>organic102_jpg.rf.34279def44de49d3ba44aa09d7dc47f9.jpg</filename>
	<path>organic102_jpg.rf.34279def44de49d3ba44aa09d7dc47f9.jpg</path>
	<source>
		<database>roboflow.com</database>
	</source>
	<size>
		<width>300</width>
		<height>300</height>
		<depth>3</depth>
	</size>
	<segmented>0</segmented>
	<object>
		<name>food</name>
		<pose>Unspecified</pose>
		<truncated>0</truncated>
		<difficult>0</difficult>
		<occluded>0</occluded>
		<bndbox>
			<xmin>46</xmin>
			<xmax>253</xmax>
			<ymin>36</ymin>
			<ymax>265</ymax>
		</bndbox>
	</object>
</annotation>
