<annotation>
	<folder></folder>
	<filename>organic046_jpg.rf.fe86d5b3bc5f833e8d0453ad8a87dd9a.jpg</filename>
	<path>organic046_jpg.rf.fe86d5b3bc5f833e8d0453ad8a87dd9a.jpg</path>
	<source>
		<database>roboflow.com</database>
	</source>
	<size>
		<width>300</width>
		<height>300</height>
		<depth>3</depth>
	</size>
	<segmented>0</segmented>
	<object>
		<name>food</name>
		<pose>Unspecified</pose>
		<truncated>0</truncated>
		<difficult>0</difficult>
		<occluded>0</occluded>
		<bndbox>
			<xmin>1</xmin>
			<xmax>301</xmax>
			<ymin>49</ymin>
			<ymax>241</ymax>
		</bndbox>
	</object>
</annotation>
