<annotation>
	<folder></folder>
	<filename>organic069_jpg.rf.e618bc5eb599fc1fa6b0043b91a2a5e4.jpg</filename>
	<path>organic069_jpg.rf.e618bc5eb599fc1fa6b0043b91a2a5e4.jpg</path>
	<source>
		<database>roboflow.com</database>
	</source>
	<size>
		<width>300</width>
		<height>300</height>
		<depth>3</depth>
	</size>
	<segmented>0</segmented>
	<object>
		<name>food</name>
		<pose>Unspecified</pose>
		<truncated>0</truncated>
		<difficult>0</difficult>
		<occluded>0</occluded>
		<bndbox>
			<xmin>113</xmin>
			<xmax>183</xmax>
			<ymin>92</ymin>
			<ymax>257</ymax>
		</bndbox>
	</object>
</annotation>
