<annotation>
	<folder></folder>
	<filename>organic075_jpg.rf.c2cdb6dd457615a9c2b0e1e7ce65399d.jpg</filename>
	<path>organic075_jpg.rf.c2cdb6dd457615a9c2b0e1e7ce65399d.jpg</path>
	<source>
		<database>roboflow.com</database>
	</source>
	<size>
		<width>300</width>
		<height>300</height>
		<depth>3</depth>
	</size>
	<segmented>0</segmented>
	<object>
		<name>food</name>
		<pose>Unspecified</pose>
		<truncated>0</truncated>
		<difficult>0</difficult>
		<occluded>0</occluded>
		<bndbox>
			<xmin>1</xmin>
			<xmax>301</xmax>
			<ymin>13</ymin>
			<ymax>293</ymax>
		</bndbox>
	</object>
</annotation>
