<annotation>
	<folder></folder>
	<filename>organic174_jpg.rf.852fa422f954bca17246a87fb19b22c7.jpg</filename>
	<path>organic174_jpg.rf.852fa422f954bca17246a87fb19b22c7.jpg</path>
	<source>
		<database>roboflow.com</database>
	</source>
	<size>
		<width>300</width>
		<height>300</height>
		<depth>3</depth>
	</size>
	<segmented>0</segmented>
	<object>
		<name>food</name>
		<pose>Unspecified</pose>
		<truncated>0</truncated>
		<difficult>0</difficult>
		<occluded>0</occluded>
		<bndbox>
			<xmin>6</xmin>
			<xmax>259</xmax>
			<ymin>1</ymin>
			<ymax>265</ymax>
		</bndbox>
	</object>
</annotation>
