<annotation>
	<folder></folder>
	<filename>organic096_jpg.rf.8f88ecac84939bec38fcc27afd4bf97f.jpg</filename>
	<path>organic096_jpg.rf.8f88ecac84939bec38fcc27afd4bf97f.jpg</path>
	<source>
		<database>roboflow.com</database>
	</source>
	<size>
		<width>300</width>
		<height>300</height>
		<depth>3</depth>
	</size>
	<segmented>0</segmented>
	<object>
		<name>food</name>
		<pose>Unspecified</pose>
		<truncated>0</truncated>
		<difficult>0</difficult>
		<occluded>0</occluded>
		<bndbox>
			<xmin>29</xmin>
			<xmax>301</xmax>
			<ymin>59</ymin>
			<ymax>245</ymax>
		</bndbox>
	</object>
</annotation>
