<annotation>
	<folder></folder>
	<filename>organic027_jpg.rf.9ef8107fc4c25aa0b97ae2a3f563d154.jpg</filename>
	<path>organic027_jpg.rf.9ef8107fc4c25aa0b97ae2a3f563d154.jpg</path>
	<source>
		<database>roboflow.com</database>
	</source>
	<size>
		<width>300</width>
		<height>300</height>
		<depth>3</depth>
	</size>
	<segmented>0</segmented>
	<object>
		<name>food</name>
		<pose>Unspecified</pose>
		<truncated>0</truncated>
		<difficult>0</difficult>
		<occluded>0</occluded>
		<bndbox>
			<xmin>52</xmin>
			<xmax>268</xmax>
			<ymin>36</ymin>
			<ymax>247</ymax>
		</bndbox>
	</object>
</annotation>
