<annotation>
	<folder></folder>
	<filename>organic181_jpg.rf.ffffb6c61eed8e01ccebb93551775535.jpg</filename>
	<path>organic181_jpg.rf.ffffb6c61eed8e01ccebb93551775535.jpg</path>
	<source>
		<database>roboflow.com</database>
	</source>
	<size>
		<width>300</width>
		<height>300</height>
		<depth>3</depth>
	</size>
	<segmented>0</segmented>
	<object>
		<name>food</name>
		<pose>Unspecified</pose>
		<truncated>0</truncated>
		<difficult>0</difficult>
		<occluded>0</occluded>
		<bndbox>
			<xmin>84</xmin>
			<xmax>221</xmax>
			<ymin>41</ymin>
			<ymax>299</ymax>
		</bndbox>
	</object>
</annotation>
