<annotation>
	<folder></folder>
	<filename>organic088_jpg.rf.f0b56e9f9bf43a5b65efe360bedf84f6.jpg</filename>
	<path>organic088_jpg.rf.f0b56e9f9bf43a5b65efe360bedf84f6.jpg</path>
	<source>
		<database>roboflow.com</database>
	</source>
	<size>
		<width>300</width>
		<height>300</height>
		<depth>3</depth>
	</size>
	<segmented>0</segmented>
	<object>
		<name>food</name>
		<pose>Unspecified</pose>
		<truncated>0</truncated>
		<difficult>0</difficult>
		<occluded>0</occluded>
		<bndbox>
			<xmin>11</xmin>
			<xmax>179</xmax>
			<ymin>90</ymin>
			<ymax>225</ymax>
		</bndbox>
	</object>
</annotation>
