<annotation>
	<folder></folder>
	<filename>organic023_jpg.rf.12808bd8e4a9d3d0fbe8b1d7e9a2b1dd.jpg</filename>
	<path>organic023_jpg.rf.12808bd8e4a9d3d0fbe8b1d7e9a2b1dd.jpg</path>
	<source>
		<database>roboflow.com</database>
	</source>
	<size>
		<width>300</width>
		<height>300</height>
		<depth>3</depth>
	</size>
	<segmented>0</segmented>
	<object>
		<name>food</name>
		<pose>Unspecified</pose>
		<truncated>0</truncated>
		<difficult>0</difficult>
		<occluded>0</occluded>
		<bndbox>
			<xmin>28</xmin>
			<xmax>262</xmax>
			<ymin>3</ymin>
			<ymax>301</ymax>
		</bndbox>
	</object>
</annotation>
