<annotation>
	<folder></folder>
	<filename>organic091_jpg.rf.fe80a5fa2b1f0072b078e2e61ac26eb6.jpg</filename>
	<path>organic091_jpg.rf.fe80a5fa2b1f0072b078e2e61ac26eb6.jpg</path>
	<source>
		<database>roboflow.com</database>
	</source>
	<size>
		<width>300</width>
		<height>300</height>
		<depth>3</depth>
	</size>
	<segmented>0</segmented>
	<object>
		<name>food</name>
		<pose>Unspecified</pose>
		<truncated>0</truncated>
		<difficult>0</difficult>
		<occluded>0</occluded>
		<bndbox>
			<xmin>19</xmin>
			<xmax>283</xmax>
			<ymin>1</ymin>
			<ymax>301</ymax>
		</bndbox>
	</object>
</annotation>
