<annotation>
	<folder></folder>
	<filename>organic055_jpg.rf.00f19b93218916e79066de828ad4ea99.jpg</filename>
	<path>organic055_jpg.rf.00f19b93218916e79066de828ad4ea99.jpg</path>
	<source>
		<database>roboflow.com</database>
	</source>
	<size>
		<width>300</width>
		<height>300</height>
		<depth>3</depth>
	</size>
	<segmented>0</segmented>
	<object>
		<name>food</name>
		<pose>Unspecified</pose>
		<truncated>0</truncated>
		<difficult>0</difficult>
		<occluded>0</occluded>
		<bndbox>
			<xmin>13</xmin>
			<xmax>287</xmax>
			<ymin>22</ymin>
			<ymax>270</ymax>
		</bndbox>
	</object>
</annotation>
