<annotation>
	<folder></folder>
	<filename>organic076_jpg.rf.6c3299389d65f1ac9d55aef18b820c50.jpg</filename>
	<path>organic076_jpg.rf.6c3299389d65f1ac9d55aef18b820c50.jpg</path>
	<source>
		<database>roboflow.com</database>
	</source>
	<size>
		<width>300</width>
		<height>300</height>
		<depth>3</depth>
	</size>
	<segmented>0</segmented>
	<object>
		<name>food</name>
		<pose>Unspecified</pose>
		<truncated>0</truncated>
		<difficult>0</difficult>
		<occluded>0</occluded>
		<bndbox>
			<xmin>67</xmin>
			<xmax>278</xmax>
			<ymin>7</ymin>
			<ymax>299</ymax>
		</bndbox>
	</object>
</annotation>
