<annotation>
	<folder></folder>
	<filename>organic132_jpg.rf.afc7ece3a91296b3b3a3d696a172def9.jpg</filename>
	<path>organic132_jpg.rf.afc7ece3a91296b3b3a3d696a172def9.jpg</path>
	<source>
		<database>roboflow.com</database>
	</source>
	<size>
		<width>300</width>
		<height>300</height>
		<depth>3</depth>
	</size>
	<segmented>0</segmented>
	<object>
		<name>food</name>
		<pose>Unspecified</pose>
		<truncated>0</truncated>
		<difficult>0</difficult>
		<occluded>0</occluded>
		<bndbox>
			<xmin>62</xmin>
			<xmax>244</xmax>
			<ymin>66</ymin>
			<ymax>274</ymax>
		</bndbox>
	</object>
</annotation>
