<annotation>
	<folder></folder>
	<filename>organic175_jpg.rf.34ec1b7508757dda4e9ab3024e48f7b9.jpg</filename>
	<path>organic175_jpg.rf.34ec1b7508757dda4e9ab3024e48f7b9.jpg</path>
	<source>
		<database>roboflow.com</database>
	</source>
	<size>
		<width>300</width>
		<height>300</height>
		<depth>3</depth>
	</size>
	<segmented>0</segmented>
	<object>
		<name>food</name>
		<pose>Unspecified</pose>
		<truncated>0</truncated>
		<difficult>0</difficult>
		<occluded>0</occluded>
		<bndbox>
			<xmin>22</xmin>
			<xmax>276</xmax>
			<ymin>10</ymin>
			<ymax>285</ymax>
		</bndbox>
	</object>
</annotation>
