<annotation>
	<folder></folder>
	<filename>organic043_jpg.rf.350d2811b12abfa234e22256fdf2aa51.jpg</filename>
	<path>organic043_jpg.rf.350d2811b12abfa234e22256fdf2aa51.jpg</path>
	<source>
		<database>roboflow.com</database>
	</source>
	<size>
		<width>300</width>
		<height>300</height>
		<depth>3</depth>
	</size>
	<segmented>0</segmented>
	<object>
		<name>food</name>
		<pose>Unspecified</pose>
		<truncated>0</truncated>
		<difficult>0</difficult>
		<occluded>0</occluded>
		<bndbox>
			<xmin>2</xmin>
			<xmax>301</xmax>
			<ymin>32</ymin>
			<ymax>272</ymax>
		</bndbox>
	</object>
</annotation>
