<annotation>
	<folder></folder>
	<filename>organic141_jpg.rf.5d83fd72c7d0c4c00f1c045a658122ad.jpg</filename>
	<path>organic141_jpg.rf.5d83fd72c7d0c4c00f1c045a658122ad.jpg</path>
	<source>
		<database>roboflow.com</database>
	</source>
	<size>
		<width>300</width>
		<height>300</height>
		<depth>3</depth>
	</size>
	<segmented>0</segmented>
	<object>
		<name>food</name>
		<pose>Unspecified</pose>
		<truncated>0</truncated>
		<difficult>0</difficult>
		<occluded>0</occluded>
		<bndbox>
			<xmin>47</xmin>
			<xmax>220</xmax>
			<ymin>35</ymin>
			<ymax>281</ymax>
		</bndbox>
	</object>
</annotation>
