<annotation>
	<folder></folder>
	<filename>organic010_jpg.rf.f8205f9dea0eb2e26cf288ac48bfe2dd.jpg</filename>
	<path>organic010_jpg.rf.f8205f9dea0eb2e26cf288ac48bfe2dd.jpg</path>
	<source>
		<database>roboflow.com</database>
	</source>
	<size>
		<width>300</width>
		<height>300</height>
		<depth>3</depth>
	</size>
	<segmented>0</segmented>
	<object>
		<name>food</name>
		<pose>Unspecified</pose>
		<truncated>0</truncated>
		<difficult>0</difficult>
		<occluded>0</occluded>
		<bndbox>
			<xmin>44</xmin>
			<xmax>258</xmax>
			<ymin>38</ymin>
			<ymax>255</ymax>
		</bndbox>
	</object>
</annotation>
