<annotation>
	<folder></folder>
	<filename>organic170_jpg.rf.1702f330d9c97f3f0761cf989a39f9b4.jpg</filename>
	<path>organic170_jpg.rf.1702f330d9c97f3f0761cf989a39f9b4.jpg</path>
	<source>
		<database>roboflow.com</database>
	</source>
	<size>
		<width>300</width>
		<height>300</height>
		<depth>3</depth>
	</size>
	<segmented>0</segmented>
	<object>
		<name>food</name>
		<pose>Unspecified</pose>
		<truncated>0</truncated>
		<difficult>0</difficult>
		<occluded>0</occluded>
		<bndbox>
			<xmin>1</xmin>
			<xmax>301</xmax>
			<ymin>55</ymin>
			<ymax>259</ymax>
		</bndbox>
	</object>
</annotation>
