<annotation>
	<folder></folder>
	<filename>organic160_jpg.rf.dc40d9a9a0b93724ab955df0147ff8b6.jpg</filename>
	<path>organic160_jpg.rf.dc40d9a9a0b93724ab955df0147ff8b6.jpg</path>
	<source>
		<database>roboflow.com</database>
	</source>
	<size>
		<width>300</width>
		<height>300</height>
		<depth>3</depth>
	</size>
	<segmented>0</segmented>
	<object>
		<name>food</name>
		<pose>Unspecified</pose>
		<truncated>0</truncated>
		<difficult>0</difficult>
		<occluded>0</occluded>
		<bndbox>
			<xmin>1</xmin>
			<xmax>293</xmax>
			<ymin>1</ymin>
			<ymax>301</ymax>
		</bndbox>
	</object>
</annotation>
