<annotation>
	<folder></folder>
	<filename>organic082_jpg.rf.65ce83c222e3c5a50c2a1c3865d00572.jpg</filename>
	<path>organic082_jpg.rf.65ce83c222e3c5a50c2a1c3865d00572.jpg</path>
	<source>
		<database>roboflow.com</database>
	</source>
	<size>
		<width>300</width>
		<height>300</height>
		<depth>3</depth>
	</size>
	<segmented>0</segmented>
	<object>
		<name>food</name>
		<pose>Unspecified</pose>
		<truncated>0</truncated>
		<difficult>0</difficult>
		<occluded>0</occluded>
		<bndbox>
			<xmin>21</xmin>
			<xmax>288</xmax>
			<ymin>12</ymin>
			<ymax>250</ymax>
		</bndbox>
	</object>
</annotation>
