<annotation>
	<folder></folder>
	<filename>organic115_jpg.rf.8fd42a104a40b5d24d0da57ed8ee39f9.jpg</filename>
	<path>organic115_jpg.rf.8fd42a104a40b5d24d0da57ed8ee39f9.jpg</path>
	<source>
		<database>roboflow.com</database>
	</source>
	<size>
		<width>300</width>
		<height>300</height>
		<depth>3</depth>
	</size>
	<segmented>0</segmented>
	<object>
		<name>food</name>
		<pose>Unspecified</pose>
		<truncated>0</truncated>
		<difficult>0</difficult>
		<occluded>0</occluded>
		<bndbox>
			<xmin>52</xmin>
			<xmax>193</xmax>
			<ymin>67</ymin>
			<ymax>239</ymax>
		</bndbox>
	</object>
</annotation>
