<annotation>
	<folder></folder>
	<filename>organic100_jpg.rf.64d1100f6cfd63b278bc871e381d66e8.jpg</filename>
	<path>organic100_jpg.rf.64d1100f6cfd63b278bc871e381d66e8.jpg</path>
	<source>
		<database>roboflow.com</database>
	</source>
	<size>
		<width>300</width>
		<height>300</height>
		<depth>3</depth>
	</size>
	<segmented>0</segmented>
	<object>
		<name>food</name>
		<pose>Unspecified</pose>
		<truncated>0</truncated>
		<difficult>0</difficult>
		<occluded>0</occluded>
		<bndbox>
			<xmin>1</xmin>
			<xmax>240</xmax>
			<ymin>1</ymin>
			<ymax>267</ymax>
		</bndbox>
	</object>
</annotation>
