<annotation>
	<folder></folder>
	<filename>paper118_jpg.rf.b125392ede90e9a1f00844a8c10744a1.jpg</filename>
	<path>paper118_jpg.rf.b125392ede90e9a1f00844a8c10744a1.jpg</path>
	<source>
		<database>roboflow.com</database>
	</source>
	<size>
		<width>300</width>
		<height>300</height>
		<depth>3</depth>
	</size>
	<segmented>0</segmented>
	<object>
		<name>paper</name>
		<pose>Unspecified</pose>
		<truncated>0</truncated>
		<difficult>0</difficult>
		<occluded>0</occluded>
		<bndbox>
			<xmin>74</xmin>
			<xmax>228</xmax>
			<ymin>1</ymin>
			<ymax>256</ymax>
		</bndbox>
	</object>
</annotation>
