<annotation>
	<folder></folder>
	<filename>paper088_jpg.rf.11d60687d1f594219231c730a9e2dc46.jpg</filename>
	<path>paper088_jpg.rf.11d60687d1f594219231c730a9e2dc46.jpg</path>
	<source>
		<database>roboflow.com</database>
	</source>
	<size>
		<width>300</width>
		<height>300</height>
		<depth>3</depth>
	</size>
	<segmented>0</segmented>
	<object>
		<name>paper</name>
		<pose>Unspecified</pose>
		<truncated>0</truncated>
		<difficult>0</difficult>
		<occluded>0</occluded>
		<bndbox>
			<xmin>98</xmin>
			<xmax>183</xmax>
			<ymin>75</ymin>
			<ymax>238</ymax>
		</bndbox>
	</object>
	<metadata>
		<tags>
			<tag>food</tag>
			<tag>plastic</tag>
			<tag>wood</tag>
			<tag>paper</tag>
		</tags>
	</metadata>
</annotation>
