<annotation>
	<folder></folder>
	<filename>paper122_jpg.rf.57b25ad35cbb786bf92ab51b512cc5c6.jpg</filename>
	<path>paper122_jpg.rf.57b25ad35cbb786bf92ab51b512cc5c6.jpg</path>
	<source>
		<database>roboflow.com</database>
	</source>
	<size>
		<width>300</width>
		<height>300</height>
		<depth>3</depth>
	</size>
	<segmented>0</segmented>
	<object>
		<name>paper</name>
		<pose>Unspecified</pose>
		<truncated>0</truncated>
		<difficult>0</difficult>
		<occluded>0</occluded>
		<bndbox>
			<xmin>30</xmin>
			<xmax>270</xmax>
			<ymin>52</ymin>
			<ymax>262</ymax>
		</bndbox>
	</object>
</annotation>
