<annotation>
	<folder></folder>
	<filename>paper099_jpg.rf.ef1ddcabf56e98c4fd7e2d9252169533.jpg</filename>
	<path>paper099_jpg.rf.ef1ddcabf56e98c4fd7e2d9252169533.jpg</path>
	<source>
		<database>roboflow.com</database>
	</source>
	<size>
		<width>300</width>
		<height>300</height>
		<depth>3</depth>
	</size>
	<segmented>0</segmented>
	<object>
		<name>paper</name>
		<pose>Unspecified</pose>
		<truncated>0</truncated>
		<difficult>0</difficult>
		<occluded>0</occluded>
		<bndbox>
			<xmin>29</xmin>
			<xmax>234</xmax>
			<ymin>61</ymin>
			<ymax>240</ymax>
		</bndbox>
	</object>
	<metadata>
		<tags>
			<tag>food</tag>
			<tag>plastic</tag>
			<tag>wood</tag>
			<tag>paper</tag>
		</tags>
	</metadata>
</annotation>
