<annotation>
	<folder></folder>
	<filename>paper172_jpg.rf.da8981ab611a1b4364d55aef1633d37f.jpg</filename>
	<path>paper172_jpg.rf.da8981ab611a1b4364d55aef1633d37f.jpg</path>
	<source>
		<database>roboflow.com</database>
	</source>
	<size>
		<width>300</width>
		<height>300</height>
		<depth>3</depth>
	</size>
	<segmented>0</segmented>
	<object>
		<name>paper</name>
		<pose>Unspecified</pose>
		<truncated>0</truncated>
		<difficult>0</difficult>
		<occluded>0</occluded>
		<bndbox>
			<xmin>22</xmin>
			<xmax>292</xmax>
			<ymin>27</ymin>
			<ymax>301</ymax>
		</bndbox>
	</object>
</annotation>
