<annotation>
	<folder></folder>
	<filename>paper110_jpg.rf.43c6bc6733a1794ed1175b9508a8192f.jpg</filename>
	<path>paper110_jpg.rf.43c6bc6733a1794ed1175b9508a8192f.jpg</path>
	<source>
		<database>roboflow.com</database>
	</source>
	<size>
		<width>300</width>
		<height>300</height>
		<depth>3</depth>
	</size>
	<segmented>0</segmented>
	<object>
		<name>paper</name>
		<pose>Unspecified</pose>
		<truncated>0</truncated>
		<difficult>0</difficult>
		<occluded>0</occluded>
		<bndbox>
			<xmin>1</xmin>
			<xmax>265</xmax>
			<ymin>67</ymin>
			<ymax>300</ymax>
		</bndbox>
	</object>
</annotation>
