<annotation>
	<folder></folder>
	<filename>paper139_jpg.rf.cc47e607fdcf8d33c7395bbc8143aa32.jpg</filename>
	<path>paper139_jpg.rf.cc47e607fdcf8d33c7395bbc8143aa32.jpg</path>
	<source>
		<database>roboflow.com</database>
	</source>
	<size>
		<width>300</width>
		<height>300</height>
		<depth>3</depth>
	</size>
	<segmented>0</segmented>
	<object>
		<name>paper</name>
		<pose>Unspecified</pose>
		<truncated>0</truncated>
		<difficult>0</difficult>
		<occluded>0</occluded>
		<bndbox>
			<xmin>1</xmin>
			<xmax>251</xmax>
			<ymin>1</ymin>
			<ymax>234</ymax>
		</bndbox>
	</object>
</annotation>
