<annotation>
	<folder></folder>
	<filename>paper011_jpg.rf.1d47614d0c17b5500c7b0883baae5031.jpg</filename>
	<path>paper011_jpg.rf.1d47614d0c17b5500c7b0883baae5031.jpg</path>
	<source>
		<database>roboflow.com</database>
	</source>
	<size>
		<width>300</width>
		<height>300</height>
		<depth>3</depth>
	</size>
	<segmented>0</segmented>
	<object>
		<name>paper</name>
		<pose>Unspecified</pose>
		<truncated>0</truncated>
		<difficult>0</difficult>
		<occluded>0</occluded>
		<bndbox>
			<xmin>48</xmin>
			<xmax>224</xmax>
			<ymin>4</ymin>
			<ymax>290</ymax>
		</bndbox>
	</object>
	<metadata>
		<tags>
			<tag>food</tag>
			<tag>plastic</tag>
			<tag>wood</tag>
			<tag>paper</tag>
		</tags>
	</metadata>
</annotation>
