<annotation>
	<folder></folder>
	<filename>paper062_jpg.rf.9557c80aabedd3f9e750ee813429d8bc.jpg</filename>
	<path>paper062_jpg.rf.9557c80aabedd3f9e750ee813429d8bc.jpg</path>
	<source>
		<database>roboflow.com</database>
	</source>
	<size>
		<width>300</width>
		<height>300</height>
		<depth>3</depth>
	</size>
	<segmented>0</segmented>
	<object>
		<name>paper</name>
		<pose>Unspecified</pose>
		<truncated>0</truncated>
		<difficult>0</difficult>
		<occluded>0</occluded>
		<bndbox>
			<xmin>16</xmin>
			<xmax>275</xmax>
			<ymin>56</ymin>
			<ymax>265</ymax>
		</bndbox>
	</object>
	<metadata>
		<tags>
			<tag>food</tag>
			<tag>plastic</tag>
			<tag>wood</tag>
			<tag>paper</tag>
		</tags>
	</metadata>
</annotation>
