<annotation>
	<folder></folder>
	<filename>paper136_jpg.rf.bbcf9ce9a113a1cf7d22f51011f8460b.jpg</filename>
	<path>paper136_jpg.rf.bbcf9ce9a113a1cf7d22f51011f8460b.jpg</path>
	<source>
		<database>roboflow.com</database>
	</source>
	<size>
		<width>300</width>
		<height>300</height>
		<depth>3</depth>
	</size>
	<segmented>0</segmented>
	<object>
		<name>paper</name>
		<pose>Unspecified</pose>
		<truncated>0</truncated>
		<difficult>0</difficult>
		<occluded>0</occluded>
		<bndbox>
			<xmin>1</xmin>
			<xmax>301</xmax>
			<ymin>1</ymin>
			<ymax>257</ymax>
		</bndbox>
	</object>
</annotation>
