<annotation>
	<folder></folder>
	<filename>paper129_jpg.rf.9d3080082f03dd658631cd8680e2ba39.jpg</filename>
	<path>paper129_jpg.rf.9d3080082f03dd658631cd8680e2ba39.jpg</path>
	<source>
		<database>roboflow.com</database>
	</source>
	<size>
		<width>300</width>
		<height>300</height>
		<depth>3</depth>
	</size>
	<segmented>0</segmented>
	<object>
		<name>paper</name>
		<pose>Unspecified</pose>
		<truncated>0</truncated>
		<difficult>0</difficult>
		<occluded>0</occluded>
		<bndbox>
			<xmin>1</xmin>
			<xmax>301</xmax>
			<ymin>9</ymin>
			<ymax>301</ymax>
		</bndbox>
	</object>
</annotation>
