<annotation>
	<folder></folder>
	<filename>paper111_jpg.rf.41a3eebbb31e01f04f9a1259ceb28dff.jpg</filename>
	<path>paper111_jpg.rf.41a3eebbb31e01f04f9a1259ceb28dff.jpg</path>
	<source>
		<database>roboflow.com</database>
	</source>
	<size>
		<width>300</width>
		<height>300</height>
		<depth>3</depth>
	</size>
	<segmented>0</segmented>
	<object>
		<name>paper</name>
		<pose>Unspecified</pose>
		<truncated>0</truncated>
		<difficult>0</difficult>
		<occluded>0</occluded>
		<bndbox>
			<xmin>47</xmin>
			<xmax>271</xmax>
			<ymin>10</ymin>
			<ymax>288</ymax>
		</bndbox>
	</object>
</annotation>
