<annotation>
	<folder></folder>
	<filename>paper093_jpg.rf.70ebd79deda901194c8f399c8b6ee679.jpg</filename>
	<path>paper093_jpg.rf.70ebd79deda901194c8f399c8b6ee679.jpg</path>
	<source>
		<database>roboflow.com</database>
	</source>
	<size>
		<width>300</width>
		<height>300</height>
		<depth>3</depth>
	</size>
	<segmented>0</segmented>
	<object>
		<name>paper</name>
		<pose>Unspecified</pose>
		<truncated>0</truncated>
		<difficult>0</difficult>
		<occluded>0</occluded>
		<bndbox>
			<xmin>52</xmin>
			<xmax>213</xmax>
			<ymin>29</ymin>
			<ymax>282</ymax>
		</bndbox>
	</object>
	<metadata>
		<tags>
			<tag>food</tag>
			<tag>plastic</tag>
			<tag>wood</tag>
			<tag>paper</tag>
		</tags>
	</metadata>
</annotation>
