<annotation>
	<folder></folder>
	<filename>paper149_jpg.rf.c2c3cd3e30024dd978b4998ddab9873f.jpg</filename>
	<path>paper149_jpg.rf.c2c3cd3e30024dd978b4998ddab9873f.jpg</path>
	<source>
		<database>roboflow.com</database>
	</source>
	<size>
		<width>300</width>
		<height>300</height>
		<depth>3</depth>
	</size>
	<segmented>0</segmented>
	<object>
		<name>paper</name>
		<pose>Unspecified</pose>
		<truncated>0</truncated>
		<difficult>0</difficult>
		<occluded>0</occluded>
		<bndbox>
			<xmin>15</xmin>
			<xmax>281</xmax>
			<ymin>1</ymin>
			<ymax>301</ymax>
		</bndbox>
	</object>
</annotation>
