<annotation>
	<folder></folder>
	<filename>paper012_jpg.rf.31cc2aff57dfc0c19a2d026d3c94e3b3.jpg</filename>
	<path>paper012_jpg.rf.31cc2aff57dfc0c19a2d026d3c94e3b3.jpg</path>
	<source>
		<database>roboflow.com</database>
	</source>
	<size>
		<width>300</width>
		<height>300</height>
		<depth>3</depth>
	</size>
	<segmented>0</segmented>
	<object>
		<name>paper</name>
		<pose>Unspecified</pose>
		<truncated>0</truncated>
		<difficult>0</difficult>
		<occluded>0</occluded>
		<bndbox>
			<xmin>5</xmin>
			<xmax>292</xmax>
			<ymin>22</ymin>
			<ymax>285</ymax>
		</bndbox>
	</object>
	<metadata>
		<tags>
			<tag>food</tag>
			<tag>plastic</tag>
			<tag>wood</tag>
			<tag>paper</tag>
		</tags>
	</metadata>
</annotation>
