<annotation>
	<folder></folder>
	<filename>paper102_jpg.rf.7f3e48e5746951429d0c16ab6caa3a0f.jpg</filename>
	<path>paper102_jpg.rf.7f3e48e5746951429d0c16ab6caa3a0f.jpg</path>
	<source>
		<database>roboflow.com</database>
	</source>
	<size>
		<width>300</width>
		<height>300</height>
		<depth>3</depth>
	</size>
	<segmented>0</segmented>
	<object>
		<name>paper</name>
		<pose>Unspecified</pose>
		<truncated>0</truncated>
		<difficult>0</difficult>
		<occluded>0</occluded>
		<bndbox>
			<xmin>1</xmin>
			<xmax>285</xmax>
			<ymin>1</ymin>
			<ymax>301</ymax>
		</bndbox>
	</object>
</annotation>
