<annotation>
	<folder></folder>
	<filename>paper184_jpg.rf.763a4b0d0b363cc632842f8aa3fb022b.jpg</filename>
	<path>paper184_jpg.rf.763a4b0d0b363cc632842f8aa3fb022b.jpg</path>
	<source>
		<database>roboflow.com</database>
	</source>
	<size>
		<width>300</width>
		<height>300</height>
		<depth>3</depth>
	</size>
	<segmented>0</segmented>
	<object>
		<name>paper</name>
		<pose>Unspecified</pose>
		<truncated>0</truncated>
		<difficult>0</difficult>
		<occluded>0</occluded>
		<bndbox>
			<xmin>40</xmin>
			<xmax>273</xmax>
			<ymin>91</ymin>
			<ymax>253</ymax>
		</bndbox>
	</object>
</annotation>
