<annotation>
	<folder></folder>
	<filename>paper130_jpg.rf.5de06ab31fbaa7936d28c5d02fbdbced.jpg</filename>
	<path>paper130_jpg.rf.5de06ab31fbaa7936d28c5d02fbdbced.jpg</path>
	<source>
		<database>roboflow.com</database>
	</source>
	<size>
		<width>300</width>
		<height>300</height>
		<depth>3</depth>
	</size>
	<segmented>0</segmented>
	<object>
		<name>paper</name>
		<pose>Unspecified</pose>
		<truncated>0</truncated>
		<difficult>0</difficult>
		<occluded>0</occluded>
		<bndbox>
			<xmin>1</xmin>
			<xmax>301</xmax>
			<ymin>18</ymin>
			<ymax>263</ymax>
		</bndbox>
	</object>
</annotation>
