<annotation>
	<folder></folder>
	<filename>paper050_jpg.rf.b1dd2c38d97b78cb7d8a26e71967b501.jpg</filename>
	<path>paper050_jpg.rf.b1dd2c38d97b78cb7d8a26e71967b501.jpg</path>
	<source>
		<database>roboflow.com</database>
	</source>
	<size>
		<width>300</width>
		<height>300</height>
		<depth>3</depth>
	</size>
	<segmented>0</segmented>
	<object>
		<name>paper</name>
		<pose>Unspecified</pose>
		<truncated>0</truncated>
		<difficult>0</difficult>
		<occluded>0</occluded>
		<bndbox>
			<xmin>30</xmin>
			<xmax>264</xmax>
			<ymin>30</ymin>
			<ymax>278</ymax>
		</bndbox>
	</object>
	<metadata>
		<tags>
			<tag>food</tag>
			<tag>plastic</tag>
			<tag>wood</tag>
			<tag>paper</tag>
		</tags>
	</metadata>
</annotation>
