<annotation>
	<folder></folder>
	<filename>paper189_jpg.rf.7ad583ca21fdeefdf68d2f9e6eb204af.jpg</filename>
	<path>paper189_jpg.rf.7ad583ca21fdeefdf68d2f9e6eb204af.jpg</path>
	<source>
		<database>roboflow.com</database>
	</source>
	<size>
		<width>300</width>
		<height>300</height>
		<depth>3</depth>
	</size>
	<segmented>0</segmented>
	<object>
		<name>paper</name>
		<pose>Unspecified</pose>
		<truncated>0</truncated>
		<difficult>0</difficult>
		<occluded>0</occluded>
		<bndbox>
			<xmin>45</xmin>
			<xmax>215</xmax>
			<ymin>19</ymin>
			<ymax>292</ymax>
		</bndbox>
	</object>
</annotation>
