<annotation>
	<folder></folder>
	<filename>paper196_jpg.rf.a9ff37c8bcd066cc6f49a25307f1374f.jpg</filename>
	<path>paper196_jpg.rf.a9ff37c8bcd066cc6f49a25307f1374f.jpg</path>
	<source>
		<database>roboflow.com</database>
	</source>
	<size>
		<width>300</width>
		<height>300</height>
		<depth>3</depth>
	</size>
	<segmented>0</segmented>
	<object>
		<name>paper</name>
		<pose>Unspecified</pose>
		<truncated>0</truncated>
		<difficult>0</difficult>
		<occluded>0</occluded>
		<bndbox>
			<xmin>48</xmin>
			<xmax>235</xmax>
			<ymin>18</ymin>
			<ymax>285</ymax>
		</bndbox>
	</object>
</annotation>
