<annotation>
	<folder></folder>
	<filename>paper155_jpg.rf.ba84581f3db6ff1e9c9fb3216262a67f.jpg</filename>
	<path>paper155_jpg.rf.ba84581f3db6ff1e9c9fb3216262a67f.jpg</path>
	<source>
		<database>roboflow.com</database>
	</source>
	<size>
		<width>300</width>
		<height>300</height>
		<depth>3</depth>
	</size>
	<segmented>0</segmented>
	<object>
		<name>paper</name>
		<pose>Unspecified</pose>
		<truncated>0</truncated>
		<difficult>0</difficult>
		<occluded>0</occluded>
		<bndbox>
			<xmin>30</xmin>
			<xmax>231</xmax>
			<ymin>3</ymin>
			<ymax>301</ymax>
		</bndbox>
	</object>
</annotation>
