<annotation>
	<folder></folder>
	<filename>paper198_jpg.rf.daab952b2d5b1427cde82856b5f22781.jpg</filename>
	<path>paper198_jpg.rf.daab952b2d5b1427cde82856b5f22781.jpg</path>
	<source>
		<database>roboflow.com</database>
	</source>
	<size>
		<width>300</width>
		<height>300</height>
		<depth>3</depth>
	</size>
	<segmented>0</segmented>
	<object>
		<name>paper</name>
		<pose>Unspecified</pose>
		<truncated>0</truncated>
		<difficult>0</difficult>
		<occluded>0</occluded>
		<bndbox>
			<xmin>1</xmin>
			<xmax>301</xmax>
			<ymin>1</ymin>
			<ymax>291</ymax>
		</bndbox>
	</object>
</annotation>
