<annotation>
	<folder></folder>
	<filename>paper195_jpg.rf.c36192464fef720a600db616d01985c0.jpg</filename>
	<path>paper195_jpg.rf.c36192464fef720a600db616d01985c0.jpg</path>
	<source>
		<database>roboflow.com</database>
	</source>
	<size>
		<width>300</width>
		<height>300</height>
		<depth>3</depth>
	</size>
	<segmented>0</segmented>
	<object>
		<name>paper</name>
		<pose>Unspecified</pose>
		<truncated>0</truncated>
		<difficult>0</difficult>
		<occluded>0</occluded>
		<bndbox>
			<xmin>12</xmin>
			<xmax>276</xmax>
			<ymin>28</ymin>
			<ymax>254</ymax>
		</bndbox>
	</object>
</annotation>
