<annotation>
	<folder></folder>
	<filename>paper113_jpg.rf.4ae7b0bf597e03989c7d1b9f29f6d70d.jpg</filename>
	<path>paper113_jpg.rf.4ae7b0bf597e03989c7d1b9f29f6d70d.jpg</path>
	<source>
		<database>roboflow.com</database>
	</source>
	<size>
		<width>300</width>
		<height>300</height>
		<depth>3</depth>
	</size>
	<segmented>0</segmented>
	<object>
		<name>paper</name>
		<pose>Unspecified</pose>
		<truncated>0</truncated>
		<difficult>0</difficult>
		<occluded>0</occluded>
		<bndbox>
			<xmin>17</xmin>
			<xmax>242</xmax>
			<ymin>37</ymin>
			<ymax>278</ymax>
		</bndbox>
	</object>
</annotation>
