<annotation>
	<folder></folder>
	<filename>paper030_jpg.rf.a5d04665aab7506d726a3ff88ee210f7.jpg</filename>
	<path>paper030_jpg.rf.a5d04665aab7506d726a3ff88ee210f7.jpg</path>
	<source>
		<database>roboflow.com</database>
	</source>
	<size>
		<width>300</width>
		<height>300</height>
		<depth>3</depth>
	</size>
	<segmented>0</segmented>
	<object>
		<name>paper</name>
		<pose>Unspecified</pose>
		<truncated>0</truncated>
		<difficult>0</difficult>
		<occluded>0</occluded>
		<bndbox>
			<xmin>18</xmin>
			<xmax>228</xmax>
			<ymin>73</ymin>
			<ymax>237</ymax>
		</bndbox>
	</object>
	<metadata>
		<tags>
			<tag>food</tag>
			<tag>plastic</tag>
			<tag>wood</tag>
			<tag>paper</tag>
		</tags>
	</metadata>
</annotation>
