<annotation>
	<folder></folder>
	<filename>paper185_jpg.rf.fecf5aa9f5c5d5f7176baaf6401ba3fb.jpg</filename>
	<path>paper185_jpg.rf.fecf5aa9f5c5d5f7176baaf6401ba3fb.jpg</path>
	<source>
		<database>roboflow.com</database>
	</source>
	<size>
		<width>300</width>
		<height>300</height>
		<depth>3</depth>
	</size>
	<segmented>0</segmented>
	<object>
		<name>paper</name>
		<pose>Unspecified</pose>
		<truncated>0</truncated>
		<difficult>0</difficult>
		<occluded>0</occluded>
		<bndbox>
			<xmin>37</xmin>
			<xmax>262</xmax>
			<ymin>19</ymin>
			<ymax>282</ymax>
		</bndbox>
	</object>
</annotation>
