<annotation>
	<folder></folder>
	<filename>paper158_jpg.rf.2d6d1dd7099aaca8bad13abeaca88e86.jpg</filename>
	<path>paper158_jpg.rf.2d6d1dd7099aaca8bad13abeaca88e86.jpg</path>
	<source>
		<database>roboflow.com</database>
	</source>
	<size>
		<width>300</width>
		<height>300</height>
		<depth>3</depth>
	</size>
	<segmented>0</segmented>
	<object>
		<name>paper</name>
		<pose>Unspecified</pose>
		<truncated>0</truncated>
		<difficult>0</difficult>
		<occluded>0</occluded>
		<bndbox>
			<xmin>26</xmin>
			<xmax>296</xmax>
			<ymin>67</ymin>
			<ymax>301</ymax>
		</bndbox>
	</object>
</annotation>
