<annotation>
	<folder></folder>
	<filename>paper147_jpg.rf.6d0dbd6f2ce5afa452ce88a03a11c000.jpg</filename>
	<path>paper147_jpg.rf.6d0dbd6f2ce5afa452ce88a03a11c000.jpg</path>
	<source>
		<database>roboflow.com</database>
	</source>
	<size>
		<width>300</width>
		<height>300</height>
		<depth>3</depth>
	</size>
	<segmented>0</segmented>
	<object>
		<name>paper</name>
		<pose>Unspecified</pose>
		<truncated>0</truncated>
		<difficult>0</difficult>
		<occluded>0</occluded>
		<bndbox>
			<xmin>21</xmin>
			<xmax>288</xmax>
			<ymin>1</ymin>
			<ymax>301</ymax>
		</bndbox>
	</object>
</annotation>
