<annotation>
	<folder></folder>
	<filename>paper101_jpg.rf.ff23d6496aa0ede50719a3786b4b8ec0.jpg</filename>
	<path>paper101_jpg.rf.ff23d6496aa0ede50719a3786b4b8ec0.jpg</path>
	<source>
		<database>roboflow.com</database>
	</source>
	<size>
		<width>300</width>
		<height>300</height>
		<depth>3</depth>
	</size>
	<segmented>0</segmented>
	<object>
		<name>paper</name>
		<pose>Unspecified</pose>
		<truncated>0</truncated>
		<difficult>0</difficult>
		<occluded>0</occluded>
		<bndbox>
			<xmin>1</xmin>
			<xmax>284</xmax>
			<ymin>1</ymin>
			<ymax>301</ymax>
		</bndbox>
	</object>
</annotation>
