<annotation>
	<folder></folder>
	<filename>paper152_jpg.rf.d6f6c6c3d9a58805e0af81418c5c0557.jpg</filename>
	<path>paper152_jpg.rf.d6f6c6c3d9a58805e0af81418c5c0557.jpg</path>
	<source>
		<database>roboflow.com</database>
	</source>
	<size>
		<width>300</width>
		<height>300</height>
		<depth>3</depth>
	</size>
	<segmented>0</segmented>
	<object>
		<name>paper</name>
		<pose>Unspecified</pose>
		<truncated>0</truncated>
		<difficult>0</difficult>
		<occluded>0</occluded>
		<bndbox>
			<xmin>53</xmin>
			<xmax>215</xmax>
			<ymin>40</ymin>
			<ymax>267</ymax>
		</bndbox>
	</object>
</annotation>
