<annotation>
	<folder></folder>
	<filename>paper190_jpg.rf.e856b850be0ce0b795501013f027ab4a.jpg</filename>
	<path>paper190_jpg.rf.e856b850be0ce0b795501013f027ab4a.jpg</path>
	<source>
		<database>roboflow.com</database>
	</source>
	<size>
		<width>300</width>
		<height>300</height>
		<depth>3</depth>
	</size>
	<segmented>0</segmented>
	<object>
		<name>paper</name>
		<pose>Unspecified</pose>
		<truncated>0</truncated>
		<difficult>0</difficult>
		<occluded>0</occluded>
		<bndbox>
			<xmin>1</xmin>
			<xmax>301</xmax>
			<ymin>13</ymin>
			<ymax>285</ymax>
		</bndbox>
	</object>
</annotation>
