<annotation>
	<folder></folder>
	<filename>paper104_jpg.rf.f4370e90dd63ca72a3d6be69845c7490.jpg</filename>
	<path>paper104_jpg.rf.f4370e90dd63ca72a3d6be69845c7490.jpg</path>
	<source>
		<database>roboflow.com</database>
	</source>
	<size>
		<width>300</width>
		<height>300</height>
		<depth>3</depth>
	</size>
	<segmented>0</segmented>
	<object>
		<name>paper</name>
		<pose>Unspecified</pose>
		<truncated>0</truncated>
		<difficult>0</difficult>
		<occluded>0</occluded>
		<bndbox>
			<xmin>36</xmin>
			<xmax>243</xmax>
			<ymin>80</ymin>
			<ymax>215</ymax>
		</bndbox>
	</object>
</annotation>
