<annotation>
	<folder></folder>
	<filename>paper163_jpg.rf.1bb30c8b1901e29f2800833490f1d78b.jpg</filename>
	<path>paper163_jpg.rf.1bb30c8b1901e29f2800833490f1d78b.jpg</path>
	<source>
		<database>roboflow.com</database>
	</source>
	<size>
		<width>300</width>
		<height>300</height>
		<depth>3</depth>
	</size>
	<segmented>0</segmented>
	<object>
		<name>paper</name>
		<pose>Unspecified</pose>
		<truncated>0</truncated>
		<difficult>0</difficult>
		<occluded>0</occluded>
		<bndbox>
			<xmin>4</xmin>
			<xmax>254</xmax>
			<ymin>49</ymin>
			<ymax>265</ymax>
		</bndbox>
	</object>
</annotation>
