<annotation>
	<folder></folder>
	<filename>paper157_jpg.rf.e477149495531f4f65c5f41ab3425da8.jpg</filename>
	<path>paper157_jpg.rf.e477149495531f4f65c5f41ab3425da8.jpg</path>
	<source>
		<database>roboflow.com</database>
	</source>
	<size>
		<width>300</width>
		<height>300</height>
		<depth>3</depth>
	</size>
	<segmented>0</segmented>
	<object>
		<name>paper</name>
		<pose>Unspecified</pose>
		<truncated>0</truncated>
		<difficult>0</difficult>
		<occluded>0</occluded>
		<bndbox>
			<xmin>77</xmin>
			<xmax>260</xmax>
			<ymin>6</ymin>
			<ymax>301</ymax>
		</bndbox>
	</object>
</annotation>
