<annotation>
	<folder></folder>
	<filename>paper126_jpg.rf.aa4f5ddba33a723aeae99aaa9436df00.jpg</filename>
	<path>paper126_jpg.rf.aa4f5ddba33a723aeae99aaa9436df00.jpg</path>
	<source>
		<database>roboflow.com</database>
	</source>
	<size>
		<width>300</width>
		<height>300</height>
		<depth>3</depth>
	</size>
	<segmented>0</segmented>
	<object>
		<name>paper</name>
		<pose>Unspecified</pose>
		<truncated>0</truncated>
		<difficult>0</difficult>
		<occluded>0</occluded>
		<bndbox>
			<xmin>1</xmin>
			<xmax>208</xmax>
			<ymin>1</ymin>
			<ymax>298</ymax>
		</bndbox>
	</object>
</annotation>
