<annotation>
	<folder></folder>
	<filename>paper148_jpg.rf.c79b69d488c1d15a241ec232fb2a32ec.jpg</filename>
	<path>paper148_jpg.rf.c79b69d488c1d15a241ec232fb2a32ec.jpg</path>
	<source>
		<database>roboflow.com</database>
	</source>
	<size>
		<width>300</width>
		<height>300</height>
		<depth>3</depth>
	</size>
	<segmented>0</segmented>
	<object>
		<name>paper</name>
		<pose>Unspecified</pose>
		<truncated>0</truncated>
		<difficult>0</difficult>
		<occluded>0</occluded>
		<bndbox>
			<xmin>1</xmin>
			<xmax>261</xmax>
			<ymin>36</ymin>
			<ymax>301</ymax>
		</bndbox>
	</object>
</annotation>
