<annotation>
	<folder></folder>
	<filename>paper177_jpg.rf.45c27604d4618f1b26f9b5707307d766.jpg</filename>
	<path>paper177_jpg.rf.45c27604d4618f1b26f9b5707307d766.jpg</path>
	<source>
		<database>roboflow.com</database>
	</source>
	<size>
		<width>300</width>
		<height>300</height>
		<depth>3</depth>
	</size>
	<segmented>0</segmented>
	<object>
		<name>paper</name>
		<pose>Unspecified</pose>
		<truncated>0</truncated>
		<difficult>0</difficult>
		<occluded>0</occluded>
		<bndbox>
			<xmin>64</xmin>
			<xmax>215</xmax>
			<ymin>60</ymin>
			<ymax>227</ymax>
		</bndbox>
	</object>
</annotation>
