<annotation>
	<folder></folder>
	<filename>paper165_jpg.rf.435caa4e417076a49ac8fda561919774.jpg</filename>
	<path>paper165_jpg.rf.435caa4e417076a49ac8fda561919774.jpg</path>
	<source>
		<database>roboflow.com</database>
	</source>
	<size>
		<width>300</width>
		<height>300</height>
		<depth>3</depth>
	</size>
	<segmented>0</segmented>
	<object>
		<name>paper</name>
		<pose>Unspecified</pose>
		<truncated>0</truncated>
		<difficult>0</difficult>
		<occluded>0</occluded>
		<bndbox>
			<xmin>24</xmin>
			<xmax>282</xmax>
			<ymin>68</ymin>
			<ymax>248</ymax>
		</bndbox>
	</object>
</annotation>
