<annotation>
	<folder></folder>
	<filename>paper119_jpg.rf.7d0c9ee5f6463fba4ebe347028e71f9a.jpg</filename>
	<path>paper119_jpg.rf.7d0c9ee5f6463fba4ebe347028e71f9a.jpg</path>
	<source>
		<database>roboflow.com</database>
	</source>
	<size>
		<width>300</width>
		<height>300</height>
		<depth>3</depth>
	</size>
	<segmented>0</segmented>
	<object>
		<name>paper</name>
		<pose>Unspecified</pose>
		<truncated>0</truncated>
		<difficult>0</difficult>
		<occluded>0</occluded>
		<bndbox>
			<xmin>1</xmin>
			<xmax>250</xmax>
			<ymin>1</ymin>
			<ymax>301</ymax>
		</bndbox>
	</object>
</annotation>
