<annotation>
	<folder></folder>
	<filename>paper140_jpg.rf.dbe8bb0e519c6c608bc4ce35fb4f3236.jpg</filename>
	<path>paper140_jpg.rf.dbe8bb0e519c6c608bc4ce35fb4f3236.jpg</path>
	<source>
		<database>roboflow.com</database>
	</source>
	<size>
		<width>300</width>
		<height>300</height>
		<depth>3</depth>
	</size>
	<segmented>0</segmented>
	<object>
		<name>paper</name>
		<pose>Unspecified</pose>
		<truncated>0</truncated>
		<difficult>0</difficult>
		<occluded>0</occluded>
		<bndbox>
			<xmin>30</xmin>
			<xmax>200</xmax>
			<ymin>3</ymin>
			<ymax>301</ymax>
		</bndbox>
	</object>
</annotation>
