<annotation>
	<folder></folder>
	<filename>paper133_jpg.rf.14d9db99860b288e05b2be87a865062e.jpg</filename>
	<path>paper133_jpg.rf.14d9db99860b288e05b2be87a865062e.jpg</path>
	<source>
		<database>roboflow.com</database>
	</source>
	<size>
		<width>300</width>
		<height>300</height>
		<depth>3</depth>
	</size>
	<segmented>0</segmented>
	<object>
		<name>paper</name>
		<pose>Unspecified</pose>
		<truncated>0</truncated>
		<difficult>0</difficult>
		<occluded>0</occluded>
		<bndbox>
			<xmin>1</xmin>
			<xmax>301</xmax>
			<ymin>37</ymin>
			<ymax>301</ymax>
		</bndbox>
	</object>
</annotation>
