<annotation>
	<folder></folder>
	<filename>paper087_jpg.rf.d3147ac901af1776245fdcd84bd171a6.jpg</filename>
	<path>paper087_jpg.rf.d3147ac901af1776245fdcd84bd171a6.jpg</path>
	<source>
		<database>roboflow.com</database>
	</source>
	<size>
		<width>300</width>
		<height>300</height>
		<depth>3</depth>
	</size>
	<segmented>0</segmented>
	<object>
		<name>paper</name>
		<pose>Unspecified</pose>
		<truncated>0</truncated>
		<difficult>0</difficult>
		<occluded>0</occluded>
		<bndbox>
			<xmin>42</xmin>
			<xmax>246</xmax>
			<ymin>15</ymin>
			<ymax>248</ymax>
		</bndbox>
	</object>
	<metadata>
		<tags>
			<tag>food</tag>
			<tag>plastic</tag>
			<tag>wood</tag>
			<tag>paper</tag>
		</tags>
	</metadata>
</annotation>
