<annotation>
	<folder></folder>
	<filename>paper182_jpg.rf.47ecc92802c303b95b546d85ee759ac7.jpg</filename>
	<path>paper182_jpg.rf.47ecc92802c303b95b546d85ee759ac7.jpg</path>
	<source>
		<database>roboflow.com</database>
	</source>
	<size>
		<width>300</width>
		<height>300</height>
		<depth>3</depth>
	</size>
	<segmented>0</segmented>
	<object>
		<name>paper</name>
		<pose>Unspecified</pose>
		<truncated>0</truncated>
		<difficult>0</difficult>
		<occluded>0</occluded>
		<bndbox>
			<xmin>37</xmin>
			<xmax>259</xmax>
			<ymin>1</ymin>
			<ymax>269</ymax>
		</bndbox>
	</object>
</annotation>
