<annotation>
	<folder></folder>
	<filename>paper141_jpg.rf.efada314814bc7d953a079a14fbf8dbf.jpg</filename>
	<path>paper141_jpg.rf.efada314814bc7d953a079a14fbf8dbf.jpg</path>
	<source>
		<database>roboflow.com</database>
	</source>
	<size>
		<width>300</width>
		<height>300</height>
		<depth>3</depth>
	</size>
	<segmented>0</segmented>
	<object>
		<name>paper</name>
		<pose>Unspecified</pose>
		<truncated>0</truncated>
		<difficult>0</difficult>
		<occluded>0</occluded>
		<bndbox>
			<xmin>47</xmin>
			<xmax>190</xmax>
			<ymin>67</ymin>
			<ymax>301</ymax>
		</bndbox>
	</object>
</annotation>
