<annotation>
	<folder></folder>
	<filename>paper179_jpg.rf.006bf84ed9c1f28842886f4b94be14e9.jpg</filename>
	<path>paper179_jpg.rf.006bf84ed9c1f28842886f4b94be14e9.jpg</path>
	<source>
		<database>roboflow.com</database>
	</source>
	<size>
		<width>300</width>
		<height>300</height>
		<depth>3</depth>
	</size>
	<segmented>0</segmented>
	<object>
		<name>paper</name>
		<pose>Unspecified</pose>
		<truncated>0</truncated>
		<difficult>0</difficult>
		<occluded>0</occluded>
		<bndbox>
			<xmin>48</xmin>
			<xmax>214</xmax>
			<ymin>85</ymin>
			<ymax>230</ymax>
		</bndbox>
	</object>
</annotation>
