<annotation>
	<folder></folder>
	<filename>paper105_jpg.rf.0ea33410db537a63e7c805cfa752d276.jpg</filename>
	<path>paper105_jpg.rf.0ea33410db537a63e7c805cfa752d276.jpg</path>
	<source>
		<database>roboflow.com</database>
	</source>
	<size>
		<width>300</width>
		<height>300</height>
		<depth>3</depth>
	</size>
	<segmented>0</segmented>
	<object>
		<name>paper</name>
		<pose>Unspecified</pose>
		<truncated>0</truncated>
		<difficult>0</difficult>
		<occluded>0</occluded>
		<bndbox>
			<xmin>44</xmin>
			<xmax>231</xmax>
			<ymin>60</ymin>
			<ymax>229</ymax>
		</bndbox>
	</object>
</annotation>
