<annotation>
	<folder></folder>
	<filename>paper038_jpg.rf.4ca26d529be21f5e7ba3ac3526969552.jpg</filename>
	<path>paper038_jpg.rf.4ca26d529be21f5e7ba3ac3526969552.jpg</path>
	<source>
		<database>roboflow.com</database>
	</source>
	<size>
		<width>300</width>
		<height>300</height>
		<depth>3</depth>
	</size>
	<segmented>0</segmented>
	<object>
		<name>paper</name>
		<pose>Unspecified</pose>
		<truncated>0</truncated>
		<difficult>0</difficult>
		<occluded>0</occluded>
		<bndbox>
			<xmin>27</xmin>
			<xmax>301</xmax>
			<ymin>44</ymin>
			<ymax>300</ymax>
		</bndbox>
	</object>
	<metadata>
		<tags>
			<tag>food</tag>
			<tag>plastic</tag>
			<tag>wood</tag>
			<tag>paper</tag>
		</tags>
	</metadata>
</annotation>
