<annotation>
	<folder></folder>
	<filename>paper176_jpg.rf.bbc882ad8fbe55ff3d8cb25754bd777a.jpg</filename>
	<path>paper176_jpg.rf.bbc882ad8fbe55ff3d8cb25754bd777a.jpg</path>
	<source>
		<database>roboflow.com</database>
	</source>
	<size>
		<width>300</width>
		<height>300</height>
		<depth>3</depth>
	</size>
	<segmented>0</segmented>
	<object>
		<name>paper</name>
		<pose>Unspecified</pose>
		<truncated>0</truncated>
		<difficult>0</difficult>
		<occluded>0</occluded>
		<bndbox>
			<xmin>1</xmin>
			<xmax>246</xmax>
			<ymin>1</ymin>
			<ymax>265</ymax>
		</bndbox>
	</object>
</annotation>
