<annotation>
	<folder></folder>
	<filename>paper181_jpg.rf.4d4e741d1ec310addc479e26b8104fa2.jpg</filename>
	<path>paper181_jpg.rf.4d4e741d1ec310addc479e26b8104fa2.jpg</path>
	<source>
		<database>roboflow.com</database>
	</source>
	<size>
		<width>300</width>
		<height>300</height>
		<depth>3</depth>
	</size>
	<segmented>0</segmented>
	<object>
		<name>paper</name>
		<pose>Unspecified</pose>
		<truncated>0</truncated>
		<difficult>0</difficult>
		<occluded>0</occluded>
		<bndbox>
			<xmin>1</xmin>
			<xmax>230</xmax>
			<ymin>2</ymin>
			<ymax>278</ymax>
		</bndbox>
	</object>
</annotation>
