<annotation>
	<folder></folder>
	<filename>paper027_jpg.rf.4b3c8fda1155df60a40676e85d61f55b.jpg</filename>
	<path>paper027_jpg.rf.4b3c8fda1155df60a40676e85d61f55b.jpg</path>
	<source>
		<database>roboflow.com</database>
	</source>
	<size>
		<width>300</width>
		<height>300</height>
		<depth>3</depth>
	</size>
	<segmented>0</segmented>
	<object>
		<name>paper</name>
		<pose>Unspecified</pose>
		<truncated>0</truncated>
		<difficult>0</difficult>
		<occluded>0</occluded>
		<bndbox>
			<xmin>1</xmin>
			<xmax>283</xmax>
			<ymin>47</ymin>
			<ymax>281</ymax>
		</bndbox>
	</object>
	<metadata>
		<tags>
			<tag>food</tag>
			<tag>plastic</tag>
			<tag>wood</tag>
			<tag>paper</tag>
		</tags>
	</metadata>
</annotation>
