<annotation>
	<folder></folder>
	<filename>paper174_jpg.rf.01f0b3ccfcc86a35a55104372fde4dfd.jpg</filename>
	<path>paper174_jpg.rf.01f0b3ccfcc86a35a55104372fde4dfd.jpg</path>
	<source>
		<database>roboflow.com</database>
	</source>
	<size>
		<width>300</width>
		<height>300</height>
		<depth>3</depth>
	</size>
	<segmented>0</segmented>
	<object>
		<name>paper</name>
		<pose>Unspecified</pose>
		<truncated>0</truncated>
		<difficult>0</difficult>
		<occluded>0</occluded>
		<bndbox>
			<xmin>13</xmin>
			<xmax>276</xmax>
			<ymin>1</ymin>
			<ymax>301</ymax>
		</bndbox>
	</object>
</annotation>
