<annotation>
	<folder></folder>
	<filename>paper191_jpg.rf.324c238479ee1860e25de14eefd0ddc9.jpg</filename>
	<path>paper191_jpg.rf.324c238479ee1860e25de14eefd0ddc9.jpg</path>
	<source>
		<database>roboflow.com</database>
	</source>
	<size>
		<width>300</width>
		<height>300</height>
		<depth>3</depth>
	</size>
	<segmented>0</segmented>
	<object>
		<name>paper</name>
		<pose>Unspecified</pose>
		<truncated>0</truncated>
		<difficult>0</difficult>
		<occluded>0</occluded>
		<bndbox>
			<xmin>1</xmin>
			<xmax>270</xmax>
			<ymin>1</ymin>
			<ymax>299</ymax>
		</bndbox>
	</object>
</annotation>
