<annotation>
	<folder></folder>
	<filename>paper031_jpg.rf.c9cb82e60d0bc344b389abb3dbd7b0e2.jpg</filename>
	<path>paper031_jpg.rf.c9cb82e60d0bc344b389abb3dbd7b0e2.jpg</path>
	<source>
		<database>roboflow.com</database>
	</source>
	<size>
		<width>300</width>
		<height>300</height>
		<depth>3</depth>
	</size>
	<segmented>0</segmented>
	<object>
		<name>paper</name>
		<pose>Unspecified</pose>
		<truncated>0</truncated>
		<difficult>0</difficult>
		<occluded>0</occluded>
		<bndbox>
			<xmin>1</xmin>
			<xmax>258</xmax>
			<ymin>1</ymin>
			<ymax>279</ymax>
		</bndbox>
	</object>
	<metadata>
		<tags>
			<tag>food</tag>
			<tag>plastic</tag>
			<tag>wood</tag>
			<tag>paper</tag>
		</tags>
	</metadata>
</annotation>
