<annotation>
	<folder></folder>
	<filename>paper175_jpg.rf.bc878a8092f11f314a94c55ab877f3c7.jpg</filename>
	<path>paper175_jpg.rf.bc878a8092f11f314a94c55ab877f3c7.jpg</path>
	<source>
		<database>roboflow.com</database>
	</source>
	<size>
		<width>300</width>
		<height>300</height>
		<depth>3</depth>
	</size>
	<segmented>0</segmented>
	<object>
		<name>paper</name>
		<pose>Unspecified</pose>
		<truncated>0</truncated>
		<difficult>0</difficult>
		<occluded>0</occluded>
		<bndbox>
			<xmin>58</xmin>
			<xmax>200</xmax>
			<ymin>44</ymin>
			<ymax>262</ymax>
		</bndbox>
	</object>
</annotation>
