<annotation>
	<folder></folder>
	<filename>paper048_jpg.rf.2054054f6221b2cdbfb7f5d21bf1f008.jpg</filename>
	<path>paper048_jpg.rf.2054054f6221b2cdbfb7f5d21bf1f008.jpg</path>
	<source>
		<database>roboflow.com</database>
	</source>
	<size>
		<width>300</width>
		<height>300</height>
		<depth>3</depth>
	</size>
	<segmented>0</segmented>
	<object>
		<name>paper</name>
		<pose>Unspecified</pose>
		<truncated>0</truncated>
		<difficult>0</difficult>
		<occluded>0</occluded>
		<bndbox>
			<xmin>40</xmin>
			<xmax>232</xmax>
			<ymin>2</ymin>
			<ymax>286</ymax>
		</bndbox>
	</object>
	<metadata>
		<tags>
			<tag>food</tag>
			<tag>plastic</tag>
			<tag>wood</tag>
			<tag>paper</tag>
		</tags>
	</metadata>
</annotation>
