<annotation>
	<folder></folder>
	<filename>paper091_jpg.rf.40e82570ef8696e72819c978fe5701b1.jpg</filename>
	<path>paper091_jpg.rf.40e82570ef8696e72819c978fe5701b1.jpg</path>
	<source>
		<database>roboflow.com</database>
	</source>
	<size>
		<width>300</width>
		<height>300</height>
		<depth>3</depth>
	</size>
	<segmented>0</segmented>
	<object>
		<name>paper</name>
		<pose>Unspecified</pose>
		<truncated>0</truncated>
		<difficult>0</difficult>
		<occluded>0</occluded>
		<bndbox>
			<xmin>39</xmin>
			<xmax>201</xmax>
			<ymin>109</ymin>
			<ymax>212</ymax>
		</bndbox>
	</object>
	<metadata>
		<tags>
			<tag>food</tag>
			<tag>plastic</tag>
			<tag>wood</tag>
			<tag>paper</tag>
		</tags>
	</metadata>
</annotation>
