<annotation>
	<folder></folder>
	<filename>paper045_jpg.rf.c1fbecc2f92449af9a7852628231dec5.jpg</filename>
	<path>paper045_jpg.rf.c1fbecc2f92449af9a7852628231dec5.jpg</path>
	<source>
		<database>roboflow.com</database>
	</source>
	<size>
		<width>300</width>
		<height>300</height>
		<depth>3</depth>
	</size>
	<segmented>0</segmented>
	<object>
		<name>paper</name>
		<pose>Unspecified</pose>
		<truncated>0</truncated>
		<difficult>0</difficult>
		<occluded>0</occluded>
		<bndbox>
			<xmin>18</xmin>
			<xmax>251</xmax>
			<ymin>52</ymin>
			<ymax>241</ymax>
		</bndbox>
	</object>
	<metadata>
		<tags>
			<tag>food</tag>
			<tag>plastic</tag>
			<tag>wood</tag>
			<tag>paper</tag>
		</tags>
	</metadata>
</annotation>
