<annotation>
	<folder></folder>
	<filename>paper114_jpg.rf.bccd108924ca32648fba5acdd9ec2dbd.jpg</filename>
	<path>paper114_jpg.rf.bccd108924ca32648fba5acdd9ec2dbd.jpg</path>
	<source>
		<database>roboflow.com</database>
	</source>
	<size>
		<width>300</width>
		<height>300</height>
		<depth>3</depth>
	</size>
	<segmented>0</segmented>
	<object>
		<name>paper</name>
		<pose>Unspecified</pose>
		<truncated>0</truncated>
		<difficult>0</difficult>
		<occluded>0</occluded>
		<bndbox>
			<xmin>40</xmin>
			<xmax>233</xmax>
			<ymin>34</ymin>
			<ymax>301</ymax>
		</bndbox>
	</object>
</annotation>
