<annotation>
	<folder></folder>
	<filename>paper067_jpg.rf.774a0d22c84569044faba7d7a0af907d.jpg</filename>
	<path>paper067_jpg.rf.774a0d22c84569044faba7d7a0af907d.jpg</path>
	<source>
		<database>roboflow.com</database>
	</source>
	<size>
		<width>300</width>
		<height>300</height>
		<depth>3</depth>
	</size>
	<segmented>0</segmented>
	<object>
		<name>paper</name>
		<pose>Unspecified</pose>
		<truncated>0</truncated>
		<difficult>0</difficult>
		<occluded>0</occluded>
		<bndbox>
			<xmin>45</xmin>
			<xmax>261</xmax>
			<ymin>42</ymin>
			<ymax>257</ymax>
		</bndbox>
	</object>
	<metadata>
		<tags>
			<tag>food</tag>
			<tag>plastic</tag>
			<tag>wood</tag>
			<tag>paper</tag>
		</tags>
	</metadata>
</annotation>
