<annotation>
	<folder></folder>
	<filename>paper120_jpg.rf.63e5efe0a789d7eb4572bddfb1daef75.jpg</filename>
	<path>paper120_jpg.rf.63e5efe0a789d7eb4572bddfb1daef75.jpg</path>
	<source>
		<database>roboflow.com</database>
	</source>
	<size>
		<width>300</width>
		<height>300</height>
		<depth>3</depth>
	</size>
	<segmented>0</segmented>
	<object>
		<name>paper</name>
		<pose>Unspecified</pose>
		<truncated>0</truncated>
		<difficult>0</difficult>
		<occluded>0</occluded>
		<bndbox>
			<xmin>8</xmin>
			<xmax>301</xmax>
			<ymin>1</ymin>
			<ymax>254</ymax>
		</bndbox>
	</object>
</annotation>
