<annotation>
	<folder></folder>
	<filename>paper108_jpg.rf.daf6506e33ddf2b25a8c79bd98d1b0e8.jpg</filename>
	<path>paper108_jpg.rf.daf6506e33ddf2b25a8c79bd98d1b0e8.jpg</path>
	<source>
		<database>roboflow.com</database>
	</source>
	<size>
		<width>300</width>
		<height>300</height>
		<depth>3</depth>
	</size>
	<segmented>0</segmented>
	<object>
		<name>paper</name>
		<pose>Unspecified</pose>
		<truncated>0</truncated>
		<difficult>0</difficult>
		<occluded>0</occluded>
		<bndbox>
			<xmin>57</xmin>
			<xmax>227</xmax>
			<ymin>25</ymin>
			<ymax>252</ymax>
		</bndbox>
	</object>
</annotation>
