<annotation>
	<folder></folder>
	<filename>plastic126_jpg.rf.c9bbaf1a8b6cce62b61dad12efaa481c.jpg</filename>
	<path>plastic126_jpg.rf.c9bbaf1a8b6cce62b61dad12efaa481c.jpg</path>
	<source>
		<database>roboflow.com</database>
	</source>
	<size>
		<width>300</width>
		<height>300</height>
		<depth>3</depth>
	</size>
	<segmented>0</segmented>
	<object>
		<name>plastic</name>
		<pose>Unspecified</pose>
		<truncated>0</truncated>
		<difficult>0</difficult>
		<occluded>0</occluded>
		<bndbox>
			<xmin>54</xmin>
			<xmax>301</xmax>
			<ymin>83</ymin>
			<ymax>274</ymax>
		</bndbox>
	</object>
</annotation>
