<annotation>
	<folder></folder>
	<filename>plastic189_jpg.rf.9a93db37b1349457997c87817aaa1da2.jpg</filename>
	<path>plastic189_jpg.rf.9a93db37b1349457997c87817aaa1da2.jpg</path>
	<source>
		<database>roboflow.com</database>
	</source>
	<size>
		<width>300</width>
		<height>300</height>
		<depth>3</depth>
	</size>
	<segmented>0</segmented>
	<object>
		<name>plastic</name>
		<pose>Unspecified</pose>
		<truncated>0</truncated>
		<difficult>0</difficult>
		<occluded>0</occluded>
		<bndbox>
			<xmin>26</xmin>
			<xmax>260</xmax>
			<ymin>1</ymin>
			<ymax>263</ymax>
		</bndbox>
	</object>
</annotation>
