<annotation>
	<folder></folder>
	<filename>plastic104_jpg.rf.13c9a4c3d5c3cb95e977aa9e3101c705.jpg</filename>
	<path>plastic104_jpg.rf.13c9a4c3d5c3cb95e977aa9e3101c705.jpg</path>
	<source>
		<database>roboflow.com</database>
	</source>
	<size>
		<width>300</width>
		<height>300</height>
		<depth>3</depth>
	</size>
	<segmented>0</segmented>
	<object>
		<name>plastic</name>
		<pose>Unspecified</pose>
		<truncated>0</truncated>
		<difficult>0</difficult>
		<occluded>0</occluded>
		<bndbox>
			<xmin>54</xmin>
			<xmax>182</xmax>
			<ymin>95</ymin>
			<ymax>237</ymax>
		</bndbox>
	</object>
</annotation>
