<annotation>
	<folder></folder>
	<filename>plastic193_jpg.rf.c4f4141a99882eb5d2f8d6f248e141a0.jpg</filename>
	<path>plastic193_jpg.rf.c4f4141a99882eb5d2f8d6f248e141a0.jpg</path>
	<source>
		<database>roboflow.com</database>
	</source>
	<size>
		<width>300</width>
		<height>300</height>
		<depth>3</depth>
	</size>
	<segmented>0</segmented>
	<object>
		<name>plastic</name>
		<pose>Unspecified</pose>
		<truncated>0</truncated>
		<difficult>0</difficult>
		<occluded>0</occluded>
		<bndbox>
			<xmin>99</xmin>
			<xmax>255</xmax>
			<ymin>19</ymin>
			<ymax>301</ymax>
		</bndbox>
	</object>
</annotation>
