<annotation>
	<folder></folder>
	<filename>plastic015_jpg.rf.375b52105aa9a9a075b01fbca4ada613.jpg</filename>
	<path>plastic015_jpg.rf.375b52105aa9a9a075b01fbca4ada613.jpg</path>
	<source>
		<database>roboflow.com</database>
	</source>
	<size>
		<width>300</width>
		<height>300</height>
		<depth>3</depth>
	</size>
	<segmented>0</segmented>
	<object>
		<name>plastic</name>
		<pose>Unspecified</pose>
		<truncated>0</truncated>
		<difficult>0</difficult>
		<occluded>0</occluded>
		<bndbox>
			<xmin>57</xmin>
			<xmax>255</xmax>
			<ymin>1</ymin>
			<ymax>292</ymax>
		</bndbox>
	</object>
	<metadata>
		<tags>
			<tag>food</tag>
			<tag>plastic</tag>
			<tag>wood</tag>
			<tag>paper</tag>
		</tags>
	</metadata>
</annotation>
