<annotation>
	<folder></folder>
	<filename>plastic187_jpg.rf.00bf3cae17bfbb9e53bac8e157962c0d.jpg</filename>
	<path>plastic187_jpg.rf.00bf3cae17bfbb9e53bac8e157962c0d.jpg</path>
	<source>
		<database>roboflow.com</database>
	</source>
	<size>
		<width>300</width>
		<height>300</height>
		<depth>3</depth>
	</size>
	<segmented>0</segmented>
	<object>
		<name>plastic</name>
		<pose>Unspecified</pose>
		<truncated>0</truncated>
		<difficult>0</difficult>
		<occluded>0</occluded>
		<bndbox>
			<xmin>1</xmin>
			<xmax>301</xmax>
			<ymin>78</ymin>
			<ymax>301</ymax>
		</bndbox>
	</object>
</annotation>
