<annotation>
	<folder></folder>
	<filename>plastic105_jpg.rf.1f553f8ff0d280ac5edb344e016e609e.jpg</filename>
	<path>plastic105_jpg.rf.1f553f8ff0d280ac5edb344e016e609e.jpg</path>
	<source>
		<database>roboflow.com</database>
	</source>
	<size>
		<width>300</width>
		<height>300</height>
		<depth>3</depth>
	</size>
	<segmented>0</segmented>
	<object>
		<name>plastic</name>
		<pose>Unspecified</pose>
		<truncated>0</truncated>
		<difficult>0</difficult>
		<occluded>0</occluded>
		<bndbox>
			<xmin>80</xmin>
			<xmax>231</xmax>
			<ymin>49</ymin>
			<ymax>260</ymax>
		</bndbox>
	</object>
</annotation>
