<annotation>
	<folder></folder>
	<filename>plastic055_jpg.rf.b6a2c6292b1dfc8f973ed8e8cbc061a2.jpg</filename>
	<path>plastic055_jpg.rf.b6a2c6292b1dfc8f973ed8e8cbc061a2.jpg</path>
	<source>
		<database>roboflow.com</database>
	</source>
	<size>
		<width>300</width>
		<height>300</height>
		<depth>3</depth>
	</size>
	<segmented>0</segmented>
	<object>
		<name>plastic</name>
		<pose>Unspecified</pose>
		<truncated>0</truncated>
		<difficult>0</difficult>
		<occluded>0</occluded>
		<bndbox>
			<xmin>116</xmin>
			<xmax>252</xmax>
			<ymin>2</ymin>
			<ymax>271</ymax>
		</bndbox>
	</object>
	<metadata>
		<tags>
			<tag>food</tag>
			<tag>plastic</tag>
			<tag>wood</tag>
			<tag>paper</tag>
		</tags>
	</metadata>
</annotation>
