<annotation>
	<folder></folder>
	<filename>plastic057_jpg.rf.e09a7652e9dcd1442331776a12503036.jpg</filename>
	<path>plastic057_jpg.rf.e09a7652e9dcd1442331776a12503036.jpg</path>
	<source>
		<database>roboflow.com</database>
	</source>
	<size>
		<width>300</width>
		<height>300</height>
		<depth>3</depth>
	</size>
	<segmented>0</segmented>
	<object>
		<name>plastic</name>
		<pose>Unspecified</pose>
		<truncated>0</truncated>
		<difficult>0</difficult>
		<occluded>0</occluded>
		<bndbox>
			<xmin>25</xmin>
			<xmax>299</xmax>
			<ymin>154</ymin>
			<ymax>301</ymax>
		</bndbox>
	</object>
	<metadata>
		<tags>
			<tag>food</tag>
			<tag>plastic</tag>
			<tag>wood</tag>
			<tag>paper</tag>
		</tags>
	</metadata>
</annotation>
