<annotation>
	<folder></folder>
	<filename>plastic144_jpg.rf.31f15a7b9fd9c0ba91862a2a83bc9151.jpg</filename>
	<path>plastic144_jpg.rf.31f15a7b9fd9c0ba91862a2a83bc9151.jpg</path>
	<source>
		<database>roboflow.com</database>
	</source>
	<size>
		<width>300</width>
		<height>300</height>
		<depth>3</depth>
	</size>
	<segmented>0</segmented>
	<object>
		<name>plastic</name>
		<pose>Unspecified</pose>
		<truncated>0</truncated>
		<difficult>0</difficult>
		<occluded>0</occluded>
		<bndbox>
			<xmin>67</xmin>
			<xmax>258</xmax>
			<ymin>2</ymin>
			<ymax>260</ymax>
		</bndbox>
	</object>
</annotation>
