<annotation>
	<folder></folder>
	<filename>plastic166_jpg.rf.8855ac8663588d63fdb3833f16eb5b9a.jpg</filename>
	<path>plastic166_jpg.rf.8855ac8663588d63fdb3833f16eb5b9a.jpg</path>
	<source>
		<database>roboflow.com</database>
	</source>
	<size>
		<width>300</width>
		<height>300</height>
		<depth>3</depth>
	</size>
	<segmented>0</segmented>
	<object>
		<name>plastic</name>
		<pose>Unspecified</pose>
		<truncated>0</truncated>
		<difficult>0</difficult>
		<occluded>0</occluded>
		<bndbox>
			<xmin>85</xmin>
			<xmax>266</xmax>
			<ymin>26</ymin>
			<ymax>301</ymax>
		</bndbox>
	</object>
</annotation>
