<annotation>
	<folder></folder>
	<filename>plastic093_jpg.rf.d2b6d405859bb27dc7c70918a2a987c3.jpg</filename>
	<path>plastic093_jpg.rf.d2b6d405859bb27dc7c70918a2a987c3.jpg</path>
	<source>
		<database>roboflow.com</database>
	</source>
	<size>
		<width>300</width>
		<height>300</height>
		<depth>3</depth>
	</size>
	<segmented>0</segmented>
	<object>
		<name>plastic</name>
		<pose>Unspecified</pose>
		<truncated>0</truncated>
		<difficult>0</difficult>
		<occluded>0</occluded>
		<bndbox>
			<xmin>3</xmin>
			<xmax>289</xmax>
			<ymin>91</ymin>
			<ymax>229</ymax>
		</bndbox>
	</object>
	<metadata>
		<tags>
			<tag>food</tag>
			<tag>plastic</tag>
			<tag>wood</tag>
			<tag>paper</tag>
		</tags>
	</metadata>
</annotation>
