<annotation>
	<folder></folder>
	<filename>plastic039_jpg.rf.c6e2b7e9b0054d39601baf93759c1d2c.jpg</filename>
	<path>plastic039_jpg.rf.c6e2b7e9b0054d39601baf93759c1d2c.jpg</path>
	<source>
		<database>roboflow.com</database>
	</source>
	<size>
		<width>300</width>
		<height>300</height>
		<depth>3</depth>
	</size>
	<segmented>0</segmented>
	<object>
		<name>plastic</name>
		<pose>Unspecified</pose>
		<truncated>0</truncated>
		<difficult>0</difficult>
		<occluded>0</occluded>
		<bndbox>
			<xmin>10</xmin>
			<xmax>255</xmax>
			<ymin>1</ymin>
			<ymax>256</ymax>
		</bndbox>
	</object>
	<metadata>
		<tags>
			<tag>food</tag>
			<tag>plastic</tag>
			<tag>wood</tag>
			<tag>paper</tag>
		</tags>
	</metadata>
</annotation>
