<annotation>
	<folder></folder>
	<filename>plastic097_jpg.rf.f25181ce26fe72bdde1f3444e9815121.jpg</filename>
	<path>plastic097_jpg.rf.f25181ce26fe72bdde1f3444e9815121.jpg</path>
	<source>
		<database>roboflow.com</database>
	</source>
	<size>
		<width>300</width>
		<height>300</height>
		<depth>3</depth>
	</size>
	<segmented>0</segmented>
	<object>
		<name>plastic</name>
		<pose>Unspecified</pose>
		<truncated>0</truncated>
		<difficult>0</difficult>
		<occluded>0</occluded>
		<bndbox>
			<xmin>64</xmin>
			<xmax>231</xmax>
			<ymin>49</ymin>
			<ymax>216</ymax>
		</bndbox>
	</object>
	<metadata>
		<tags>
			<tag>food</tag>
			<tag>plastic</tag>
			<tag>wood</tag>
			<tag>paper</tag>
		</tags>
	</metadata>
</annotation>
