<annotation>
	<folder></folder>
	<filename>plastic198_jpg.rf.68fac5c03ae2bcf948a9cdb05421b665.jpg</filename>
	<path>plastic198_jpg.rf.68fac5c03ae2bcf948a9cdb05421b665.jpg</path>
	<source>
		<database>roboflow.com</database>
	</source>
	<size>
		<width>300</width>
		<height>300</height>
		<depth>3</depth>
	</size>
	<segmented>0</segmented>
	<object>
		<name>plastic</name>
		<pose>Unspecified</pose>
		<truncated>0</truncated>
		<difficult>0</difficult>
		<occluded>0</occluded>
		<bndbox>
			<xmin>2</xmin>
			<xmax>227</xmax>
			<ymin>28</ymin>
			<ymax>300</ymax>
		</bndbox>
	</object>
</annotation>
