<annotation>
	<folder></folder>
	<filename>plastic103_jpg.rf.bdd7e4603e4f49197e65c24b90f8376d.jpg</filename>
	<path>plastic103_jpg.rf.bdd7e4603e4f49197e65c24b90f8376d.jpg</path>
	<source>
		<database>roboflow.com</database>
	</source>
	<size>
		<width>300</width>
		<height>300</height>
		<depth>3</depth>
	</size>
	<segmented>0</segmented>
	<object>
		<name>plastic</name>
		<pose>Unspecified</pose>
		<truncated>0</truncated>
		<difficult>0</difficult>
		<occluded>0</occluded>
		<bndbox>
			<xmin>88</xmin>
			<xmax>172</xmax>
			<ymin>91</ymin>
			<ymax>198</ymax>
		</bndbox>
	</object>
</annotation>
