<annotation>
	<folder></folder>
	<filename>plastic053_jpg.rf.fae7f077edbe0ce89c8bba7a3ecd7dc6.jpg</filename>
	<path>plastic053_jpg.rf.fae7f077edbe0ce89c8bba7a3ecd7dc6.jpg</path>
	<source>
		<database>roboflow.com</database>
	</source>
	<size>
		<width>300</width>
		<height>300</height>
		<depth>3</depth>
	</size>
	<segmented>0</segmented>
	<object>
		<name>plastic</name>
		<pose>Unspecified</pose>
		<truncated>0</truncated>
		<difficult>0</difficult>
		<occluded>0</occluded>
		<bndbox>
			<xmin>2</xmin>
			<xmax>289</xmax>
			<ymin>21</ymin>
			<ymax>284</ymax>
		</bndbox>
	</object>
	<metadata>
		<tags>
			<tag>food</tag>
			<tag>plastic</tag>
			<tag>wood</tag>
			<tag>paper</tag>
		</tags>
	</metadata>
</annotation>
