<annotation>
	<folder></folder>
	<filename>plastic024_jpg.rf.dde94ce7cfa89488652e2055574a7df8.jpg</filename>
	<path>plastic024_jpg.rf.dde94ce7cfa89488652e2055574a7df8.jpg</path>
	<source>
		<database>roboflow.com</database>
	</source>
	<size>
		<width>300</width>
		<height>300</height>
		<depth>3</depth>
	</size>
	<segmented>0</segmented>
	<object>
		<name>plastic</name>
		<pose>Unspecified</pose>
		<truncated>0</truncated>
		<difficult>0</difficult>
		<occluded>0</occluded>
		<bndbox>
			<xmin>33</xmin>
			<xmax>264</xmax>
			<ymin>4</ymin>
			<ymax>288</ymax>
		</bndbox>
	</object>
	<metadata>
		<tags>
			<tag>food</tag>
			<tag>plastic</tag>
			<tag>wood</tag>
			<tag>paper</tag>
		</tags>
	</metadata>
</annotation>
