<annotation>
	<folder></folder>
	<filename>plastic149_jpg.rf.9f515da31a4b424abfbb120343119756.jpg</filename>
	<path>plastic149_jpg.rf.9f515da31a4b424abfbb120343119756.jpg</path>
	<source>
		<database>roboflow.com</database>
	</source>
	<size>
		<width>300</width>
		<height>300</height>
		<depth>3</depth>
	</size>
	<segmented>0</segmented>
	<object>
		<name>plastic</name>
		<pose>Unspecified</pose>
		<truncated>0</truncated>
		<difficult>0</difficult>
		<occluded>0</occluded>
		<bndbox>
			<xmin>43</xmin>
			<xmax>261</xmax>
			<ymin>74</ymin>
			<ymax>241</ymax>
		</bndbox>
	</object>
</annotation>
