<annotation>
	<folder></folder>
	<filename>plastic059_jpg.rf.ef619ed7111f9b93976f2a180adbdf3e.jpg</filename>
	<path>plastic059_jpg.rf.ef619ed7111f9b93976f2a180adbdf3e.jpg</path>
	<source>
		<database>roboflow.com</database>
	</source>
	<size>
		<width>300</width>
		<height>300</height>
		<depth>3</depth>
	</size>
	<segmented>0</segmented>
	<object>
		<name>plastic</name>
		<pose>Unspecified</pose>
		<truncated>0</truncated>
		<difficult>0</difficult>
		<occluded>0</occluded>
		<bndbox>
			<xmin>52</xmin>
			<xmax>231</xmax>
			<ymin>72</ymin>
			<ymax>256</ymax>
		</bndbox>
	</object>
	<metadata>
		<tags>
			<tag>food</tag>
			<tag>plastic</tag>
			<tag>wood</tag>
			<tag>paper</tag>
		</tags>
	</metadata>
</annotation>
