<annotation>
	<folder></folder>
	<filename>plastic151_jpg.rf.d7085616224bde40d4b7d5c619cb0856.jpg</filename>
	<path>plastic151_jpg.rf.d7085616224bde40d4b7d5c619cb0856.jpg</path>
	<source>
		<database>roboflow.com</database>
	</source>
	<size>
		<width>300</width>
		<height>300</height>
		<depth>3</depth>
	</size>
	<segmented>0</segmented>
	<object>
		<name>plastic</name>
		<pose>Unspecified</pose>
		<truncated>0</truncated>
		<difficult>0</difficult>
		<occluded>0</occluded>
		<bndbox>
			<xmin>1</xmin>
			<xmax>301</xmax>
			<ymin>11</ymin>
			<ymax>301</ymax>
		</bndbox>
	</object>
</annotation>
