<annotation>
	<folder></folder>
	<filename>plastic108_jpg.rf.05dfb73f9b9bffa39e9e9ecab944d5bc.jpg</filename>
	<path>plastic108_jpg.rf.05dfb73f9b9bffa39e9e9ecab944d5bc.jpg</path>
	<source>
		<database>roboflow.com</database>
	</source>
	<size>
		<width>300</width>
		<height>300</height>
		<depth>3</depth>
	</size>
	<segmented>0</segmented>
	<object>
		<name>plastic</name>
		<pose>Unspecified</pose>
		<truncated>0</truncated>
		<difficult>0</difficult>
		<occluded>0</occluded>
		<bndbox>
			<xmin>28</xmin>
			<xmax>219</xmax>
			<ymin>64</ymin>
			<ymax>239</ymax>
		</bndbox>
	</object>
</annotation>
