<annotation>
	<folder></folder>
	<filename>plastic180_jpg.rf.6b6741b595c3b654191dd123f278b442.jpg</filename>
	<path>plastic180_jpg.rf.6b6741b595c3b654191dd123f278b442.jpg</path>
	<source>
		<database>roboflow.com</database>
	</source>
	<size>
		<width>300</width>
		<height>300</height>
		<depth>3</depth>
	</size>
	<segmented>0</segmented>
	<object>
		<name>plastic</name>
		<pose>Unspecified</pose>
		<truncated>0</truncated>
		<difficult>0</difficult>
		<occluded>0</occluded>
		<bndbox>
			<xmin>49</xmin>
			<xmax>296</xmax>
			<ymin>72</ymin>
			<ymax>301</ymax>
		</bndbox>
	</object>
</annotation>
