<annotation>
	<folder></folder>
	<filename>plastic152_jpg.rf.2bb75e20b96e03be778f1dc3cc9abd2a.jpg</filename>
	<path>plastic152_jpg.rf.2bb75e20b96e03be778f1dc3cc9abd2a.jpg</path>
	<source>
		<database>roboflow.com</database>
	</source>
	<size>
		<width>300</width>
		<height>300</height>
		<depth>3</depth>
	</size>
	<segmented>0</segmented>
	<object>
		<name>plastic</name>
		<pose>Unspecified</pose>
		<truncated>0</truncated>
		<difficult>0</difficult>
		<occluded>0</occluded>
		<bndbox>
			<xmin>36</xmin>
			<xmax>238</xmax>
			<ymin>4</ymin>
			<ymax>204</ymax>
		</bndbox>
	</object>
</annotation>
