<annotation>
	<folder></folder>
	<filename>plastic121_jpg.rf.6e72ca95daeb4feadafb4f4fbc01bb1a.jpg</filename>
	<path>plastic121_jpg.rf.6e72ca95daeb4feadafb4f4fbc01bb1a.jpg</path>
	<source>
		<database>roboflow.com</database>
	</source>
	<size>
		<width>300</width>
		<height>300</height>
		<depth>3</depth>
	</size>
	<segmented>0</segmented>
	<object>
		<name>plastic</name>
		<pose>Unspecified</pose>
		<truncated>0</truncated>
		<difficult>0</difficult>
		<occluded>0</occluded>
		<bndbox>
			<xmin>22</xmin>
			<xmax>247</xmax>
			<ymin>1</ymin>
			<ymax>300</ymax>
		</bndbox>
	</object>
</annotation>
