<annotation>
	<folder></folder>
	<filename>plastic133_jpg.rf.fcf2203d3f934013c91954238f880ef2.jpg</filename>
	<path>plastic133_jpg.rf.fcf2203d3f934013c91954238f880ef2.jpg</path>
	<source>
		<database>roboflow.com</database>
	</source>
	<size>
		<width>300</width>
		<height>300</height>
		<depth>3</depth>
	</size>
	<segmented>0</segmented>
	<object>
		<name>plastic</name>
		<pose>Unspecified</pose>
		<truncated>0</truncated>
		<difficult>0</difficult>
		<occluded>0</occluded>
		<bndbox>
			<xmin>78</xmin>
			<xmax>285</xmax>
			<ymin>108</ymin>
			<ymax>301</ymax>
		</bndbox>
	</object>
</annotation>
