<annotation>
	<folder></folder>
	<filename>plastic161_jpg.rf.094b3b1c7bd1055c4c4c2f4de1289829.jpg</filename>
	<path>plastic161_jpg.rf.094b3b1c7bd1055c4c4c2f4de1289829.jpg</path>
	<source>
		<database>roboflow.com</database>
	</source>
	<size>
		<width>300</width>
		<height>300</height>
		<depth>3</depth>
	</size>
	<segmented>0</segmented>
	<object>
		<name>plastic</name>
		<pose>Unspecified</pose>
		<truncated>0</truncated>
		<difficult>0</difficult>
		<occluded>0</occluded>
		<bndbox>
			<xmin>12</xmin>
			<xmax>243</xmax>
			<ymin>6</ymin>
			<ymax>296</ymax>
		</bndbox>
	</object>
</annotation>
