<annotation>
	<folder></folder>
	<filename>plastic196_jpg.rf.de28dda2e9ec54e31e45e5f4307f8e14.jpg</filename>
	<path>plastic196_jpg.rf.de28dda2e9ec54e31e45e5f4307f8e14.jpg</path>
	<source>
		<database>roboflow.com</database>
	</source>
	<size>
		<width>300</width>
		<height>300</height>
		<depth>3</depth>
	</size>
	<segmented>0</segmented>
	<object>
		<name>plastic</name>
		<pose>Unspecified</pose>
		<truncated>0</truncated>
		<difficult>0</difficult>
		<occluded>0</occluded>
		<bndbox>
			<xmin>43</xmin>
			<xmax>282</xmax>
			<ymin>37</ymin>
			<ymax>226</ymax>
		</bndbox>
	</object>
</annotation>
