<annotation>
	<folder></folder>
	<filename>plastic022_jpg.rf.9609253ef3aadfd9142c826b71a25641.jpg</filename>
	<path>plastic022_jpg.rf.9609253ef3aadfd9142c826b71a25641.jpg</path>
	<source>
		<database>roboflow.com</database>
	</source>
	<size>
		<width>300</width>
		<height>300</height>
		<depth>3</depth>
	</size>
	<segmented>0</segmented>
	<object>
		<name>plastic</name>
		<pose>Unspecified</pose>
		<truncated>0</truncated>
		<difficult>0</difficult>
		<occluded>0</occluded>
		<bndbox>
			<xmin>62</xmin>
			<xmax>227</xmax>
			<ymin>95</ymin>
			<ymax>181</ymax>
		</bndbox>
	</object>
	<metadata>
		<tags>
			<tag>food</tag>
			<tag>plastic</tag>
			<tag>wood</tag>
			<tag>paper</tag>
		</tags>
	</metadata>
</annotation>
