<annotation>
	<folder></folder>
	<filename>plastic120_jpg.rf.857bff3cc132e376c8741a5e4738dfb2.jpg</filename>
	<path>plastic120_jpg.rf.857bff3cc132e376c8741a5e4738dfb2.jpg</path>
	<source>
		<database>roboflow.com</database>
	</source>
	<size>
		<width>300</width>
		<height>300</height>
		<depth>3</depth>
	</size>
	<segmented>0</segmented>
	<object>
		<name>plastic</name>
		<pose>Unspecified</pose>
		<truncated>0</truncated>
		<difficult>0</difficult>
		<occluded>0</occluded>
		<bndbox>
			<xmin>36</xmin>
			<xmax>275</xmax>
			<ymin>69</ymin>
			<ymax>220</ymax>
		</bndbox>
	</object>
</annotation>
