<annotation>
	<folder></folder>
	<filename>plastic101_jpg.rf.aa9c48e4ecd44cf4f4577fabc031cc6d.jpg</filename>
	<path>plastic101_jpg.rf.aa9c48e4ecd44cf4f4577fabc031cc6d.jpg</path>
	<source>
		<database>roboflow.com</database>
	</source>
	<size>
		<width>300</width>
		<height>300</height>
		<depth>3</depth>
	</size>
	<segmented>0</segmented>
	<object>
		<name>plastic</name>
		<pose>Unspecified</pose>
		<truncated>0</truncated>
		<difficult>0</difficult>
		<occluded>0</occluded>
		<bndbox>
			<xmin>95</xmin>
			<xmax>164</xmax>
			<ymin>152</ymin>
			<ymax>229</ymax>
		</bndbox>
	</object>
	<object>
		<name>plastic</name>
		<pose>Unspecified</pose>
		<truncated>0</truncated>
		<difficult>0</difficult>
		<occluded>0</occluded>
		<bndbox>
			<xmin>85</xmin>
			<xmax>127</xmax>
			<ymin>99</ymin>
			<ymax>154</ymax>
		</bndbox>
	</object>
</annotation>
