<annotation>
	<folder></folder>
	<filename>plastic194_jpg.rf.dd7768604b802b45fd3af1d712a4ef0d.jpg</filename>
	<path>plastic194_jpg.rf.dd7768604b802b45fd3af1d712a4ef0d.jpg</path>
	<source>
		<database>roboflow.com</database>
	</source>
	<size>
		<width>300</width>
		<height>300</height>
		<depth>3</depth>
	</size>
	<segmented>0</segmented>
	<object>
		<name>plastic</name>
		<pose>Unspecified</pose>
		<truncated>0</truncated>
		<difficult>0</difficult>
		<occluded>0</occluded>
		<bndbox>
			<xmin>80</xmin>
			<xmax>220</xmax>
			<ymin>1</ymin>
			<ymax>301</ymax>
		</bndbox>
	</object>
</annotation>
