<annotation>
	<folder></folder>
	<filename>plastic176_jpg.rf.b6ed566163cdc7c4464cd8a9c91ee0da.jpg</filename>
	<path>plastic176_jpg.rf.b6ed566163cdc7c4464cd8a9c91ee0da.jpg</path>
	<source>
		<database>roboflow.com</database>
	</source>
	<size>
		<width>300</width>
		<height>300</height>
		<depth>3</depth>
	</size>
	<segmented>0</segmented>
	<object>
		<name>plastic</name>
		<pose>Unspecified</pose>
		<truncated>0</truncated>
		<difficult>0</difficult>
		<occluded>0</occluded>
		<bndbox>
			<xmin>16</xmin>
			<xmax>301</xmax>
			<ymin>1</ymin>
			<ymax>229</ymax>
		</bndbox>
	</object>
</annotation>
