<annotation>
	<folder></folder>
	<filename>plastic164_jpg.rf.9469427bad9161fb69ed7d44d77aaa26.jpg</filename>
	<path>plastic164_jpg.rf.9469427bad9161fb69ed7d44d77aaa26.jpg</path>
	<source>
		<database>roboflow.com</database>
	</source>
	<size>
		<width>300</width>
		<height>300</height>
		<depth>3</depth>
	</size>
	<segmented>0</segmented>
	<object>
		<name>plastic</name>
		<pose>Unspecified</pose>
		<truncated>0</truncated>
		<difficult>0</difficult>
		<occluded>0</occluded>
		<bndbox>
			<xmin>45</xmin>
			<xmax>278</xmax>
			<ymin>84</ymin>
			<ymax>301</ymax>
		</bndbox>
	</object>
</annotation>
