<annotation>
	<folder></folder>
	<filename>plastic129_jpg.rf.6dae7c8c0ac6a570c231db75b031f60d.jpg</filename>
	<path>plastic129_jpg.rf.6dae7c8c0ac6a570c231db75b031f60d.jpg</path>
	<source>
		<database>roboflow.com</database>
	</source>
	<size>
		<width>300</width>
		<height>300</height>
		<depth>3</depth>
	</size>
	<segmented>0</segmented>
	<object>
		<name>plastic</name>
		<pose>Unspecified</pose>
		<truncated>0</truncated>
		<difficult>0</difficult>
		<occluded>0</occluded>
		<bndbox>
			<xmin>13</xmin>
			<xmax>277</xmax>
			<ymin>1</ymin>
			<ymax>248</ymax>
		</bndbox>
	</object>
</annotation>
