<annotation>
	<folder></folder>
	<filename>plastic136_jpg.rf.647d9a08724818f7c4ea45f61c814eab.jpg</filename>
	<path>plastic136_jpg.rf.647d9a08724818f7c4ea45f61c814eab.jpg</path>
	<source>
		<database>roboflow.com</database>
	</source>
	<size>
		<width>300</width>
		<height>300</height>
		<depth>3</depth>
	</size>
	<segmented>0</segmented>
	<object>
		<name>plastic</name>
		<pose>Unspecified</pose>
		<truncated>0</truncated>
		<difficult>0</difficult>
		<occluded>0</occluded>
		<bndbox>
			<xmin>11</xmin>
			<xmax>301</xmax>
			<ymin>2</ymin>
			<ymax>277</ymax>
		</bndbox>
	</object>
</annotation>
