<annotation>
	<folder></folder>
	<filename>plastic065_jpg.rf.010bef8bbd6121edc74dfd16346606b6.jpg</filename>
	<path>plastic065_jpg.rf.010bef8bbd6121edc74dfd16346606b6.jpg</path>
	<source>
		<database>roboflow.com</database>
	</source>
	<size>
		<width>300</width>
		<height>300</height>
		<depth>3</depth>
	</size>
	<segmented>0</segmented>
	<object>
		<name>plastic</name>
		<pose>Unspecified</pose>
		<truncated>0</truncated>
		<difficult>0</difficult>
		<occluded>0</occluded>
		<bndbox>
			<xmin>74</xmin>
			<xmax>181</xmax>
			<ymin>75</ymin>
			<ymax>242</ymax>
		</bndbox>
	</object>
	<metadata>
		<tags>
			<tag>food</tag>
			<tag>plastic</tag>
			<tag>wood</tag>
			<tag>paper</tag>
		</tags>
	</metadata>
</annotation>
