<annotation>
	<folder></folder>
	<filename>plastic182_jpg.rf.9df4fe8e42e97d6ba4515bbda424d779.jpg</filename>
	<path>plastic182_jpg.rf.9df4fe8e42e97d6ba4515bbda424d779.jpg</path>
	<source>
		<database>roboflow.com</database>
	</source>
	<size>
		<width>300</width>
		<height>300</height>
		<depth>3</depth>
	</size>
	<segmented>0</segmented>
	<object>
		<name>plastic</name>
		<pose>Unspecified</pose>
		<truncated>0</truncated>
		<difficult>0</difficult>
		<occluded>0</occluded>
		<bndbox>
			<xmin>40</xmin>
			<xmax>283</xmax>
			<ymin>1</ymin>
			<ymax>287</ymax>
		</bndbox>
	</object>
</annotation>
