<annotation>
	<folder></folder>
	<filename>plastic076_jpg.rf.403cf365032a4c8d18293e6a6ec6554d.jpg</filename>
	<path>plastic076_jpg.rf.403cf365032a4c8d18293e6a6ec6554d.jpg</path>
	<source>
		<database>roboflow.com</database>
	</source>
	<size>
		<width>300</width>
		<height>300</height>
		<depth>3</depth>
	</size>
	<segmented>0</segmented>
	<object>
		<name>plastic</name>
		<pose>Unspecified</pose>
		<truncated>0</truncated>
		<difficult>0</difficult>
		<occluded>0</occluded>
		<bndbox>
			<xmin>60</xmin>
			<xmax>249</xmax>
			<ymin>36</ymin>
			<ymax>252</ymax>
		</bndbox>
	</object>
	<metadata>
		<tags>
			<tag>food</tag>
			<tag>plastic</tag>
			<tag>wood</tag>
			<tag>paper</tag>
		</tags>
	</metadata>
</annotation>
