<annotation>
	<folder></folder>
	<filename>plastic116_jpg.rf.1adaa04abefe196d56b2c4249039419f.jpg</filename>
	<path>plastic116_jpg.rf.1adaa04abefe196d56b2c4249039419f.jpg</path>
	<source>
		<database>roboflow.com</database>
	</source>
	<size>
		<width>300</width>
		<height>300</height>
		<depth>3</depth>
	</size>
	<segmented>0</segmented>
	<object>
		<name>plastic</name>
		<pose>Unspecified</pose>
		<truncated>0</truncated>
		<difficult>0</difficult>
		<occluded>0</occluded>
		<bndbox>
			<xmin>8</xmin>
			<xmax>285</xmax>
			<ymin>38</ymin>
			<ymax>234</ymax>
		</bndbox>
	</object>
</annotation>
