<annotation>
	<folder></folder>
	<filename>plastic183_jpg.rf.c307b0fc1a96d62800879e08cd922e21.jpg</filename>
	<path>plastic183_jpg.rf.c307b0fc1a96d62800879e08cd922e21.jpg</path>
	<source>
		<database>roboflow.com</database>
	</source>
	<size>
		<width>300</width>
		<height>300</height>
		<depth>3</depth>
	</size>
	<segmented>0</segmented>
	<object>
		<name>plastic</name>
		<pose>Unspecified</pose>
		<truncated>0</truncated>
		<difficult>0</difficult>
		<occluded>0</occluded>
		<bndbox>
			<xmin>65</xmin>
			<xmax>249</xmax>
			<ymin>62</ymin>
			<ymax>241</ymax>
		</bndbox>
	</object>
</annotation>
