<annotation>
	<folder></folder>
	<filename>plastic200_jpg.rf.ab8dcb3045efb76bd2b71504b70057bf.jpg</filename>
	<path>plastic200_jpg.rf.ab8dcb3045efb76bd2b71504b70057bf.jpg</path>
	<source>
		<database>roboflow.com</database>
	</source>
	<size>
		<width>300</width>
		<height>300</height>
		<depth>3</depth>
	</size>
	<segmented>0</segmented>
	<object>
		<name>plastic</name>
		<pose>Unspecified</pose>
		<truncated>0</truncated>
		<difficult>0</difficult>
		<occluded>0</occluded>
		<bndbox>
			<xmin>15</xmin>
			<xmax>280</xmax>
			<ymin>67</ymin>
			<ymax>229</ymax>
		</bndbox>
	</object>
</annotation>
