<annotation>
	<folder></folder>
	<filename>plastic135_jpg.rf.023e78902c09b36b569e6344e6b26101.jpg</filename>
	<path>plastic135_jpg.rf.023e78902c09b36b569e6344e6b26101.jpg</path>
	<source>
		<database>roboflow.com</database>
	</source>
	<size>
		<width>300</width>
		<height>300</height>
		<depth>3</depth>
	</size>
	<segmented>0</segmented>
	<object>
		<name>plastic</name>
		<pose>Unspecified</pose>
		<truncated>0</truncated>
		<difficult>0</difficult>
		<occluded>0</occluded>
		<bndbox>
			<xmin>144</xmin>
			<xmax>301</xmax>
			<ymin>119</ymin>
			<ymax>284</ymax>
		</bndbox>
	</object>
</annotation>
