<annotation>
	<folder></folder>
	<filename>plastic167_jpg.rf.9d4dab99ce0d6d55a4d0da13ea62d3a5.jpg</filename>
	<path>plastic167_jpg.rf.9d4dab99ce0d6d55a4d0da13ea62d3a5.jpg</path>
	<source>
		<database>roboflow.com</database>
	</source>
	<size>
		<width>300</width>
		<height>300</height>
		<depth>3</depth>
	</size>
	<segmented>0</segmented>
	<object>
		<name>plastic</name>
		<pose>Unspecified</pose>
		<truncated>0</truncated>
		<difficult>0</difficult>
		<occluded>0</occluded>
		<bndbox>
			<xmin>108</xmin>
			<xmax>219</xmax>
			<ymin>79</ymin>
			<ymax>230</ymax>
		</bndbox>
	</object>
</annotation>
