<annotation>
	<folder></folder>
	<filename>plastic137_jpg.rf.683c37d9fe4d057ae3c4b76750bcb4bf.jpg</filename>
	<path>plastic137_jpg.rf.683c37d9fe4d057ae3c4b76750bcb4bf.jpg</path>
	<source>
		<database>roboflow.com</database>
	</source>
	<size>
		<width>300</width>
		<height>300</height>
		<depth>3</depth>
	</size>
	<segmented>0</segmented>
	<object>
		<name>plastic</name>
		<pose>Unspecified</pose>
		<truncated>0</truncated>
		<difficult>0</difficult>
		<occluded>0</occluded>
		<bndbox>
			<xmin>52</xmin>
			<xmax>258</xmax>
			<ymin>23</ymin>
			<ymax>301</ymax>
		</bndbox>
	</object>
</annotation>
