<annotation>
	<folder></folder>
	<filename>plastic020_jpg.rf.9653a3e2ed90a96182c20c9e23c59aaa.jpg</filename>
	<path>plastic020_jpg.rf.9653a3e2ed90a96182c20c9e23c59aaa.jpg</path>
	<source>
		<database>roboflow.com</database>
	</source>
	<size>
		<width>300</width>
		<height>300</height>
		<depth>3</depth>
	</size>
	<segmented>0</segmented>
	<object>
		<name>plastic</name>
		<pose>Unspecified</pose>
		<truncated>0</truncated>
		<difficult>0</difficult>
		<occluded>0</occluded>
		<bndbox>
			<xmin>81</xmin>
			<xmax>257</xmax>
			<ymin>11</ymin>
			<ymax>284</ymax>
		</bndbox>
	</object>
	<metadata>
		<tags>
			<tag>food</tag>
			<tag>plastic</tag>
			<tag>wood</tag>
			<tag>paper</tag>
		</tags>
	</metadata>
</annotation>
