<annotation>
	<folder></folder>
	<filename>plastic186_jpg.rf.50037e0531b78eaa190c642e92ec0b4a.jpg</filename>
	<path>plastic186_jpg.rf.50037e0531b78eaa190c642e92ec0b4a.jpg</path>
	<source>
		<database>roboflow.com</database>
	</source>
	<size>
		<width>300</width>
		<height>300</height>
		<depth>3</depth>
	</size>
	<segmented>0</segmented>
	<object>
		<name>plastic</name>
		<pose>Unspecified</pose>
		<truncated>0</truncated>
		<difficult>0</difficult>
		<occluded>0</occluded>
		<bndbox>
			<xmin>18</xmin>
			<xmax>301</xmax>
			<ymin>55</ymin>
			<ymax>259</ymax>
		</bndbox>
	</object>
</annotation>
