<annotation>
	<folder></folder>
	<filename>plastic153_jpg.rf.75b53231bef04c40af11d57442fcfef0.jpg</filename>
	<path>plastic153_jpg.rf.75b53231bef04c40af11d57442fcfef0.jpg</path>
	<source>
		<database>roboflow.com</database>
	</source>
	<size>
		<width>300</width>
		<height>300</height>
		<depth>3</depth>
	</size>
	<segmented>0</segmented>
	<object>
		<name>plastic</name>
		<pose>Unspecified</pose>
		<truncated>0</truncated>
		<difficult>0</difficult>
		<occluded>0</occluded>
		<bndbox>
			<xmin>18</xmin>
			<xmax>263</xmax>
			<ymin>21</ymin>
			<ymax>233</ymax>
		</bndbox>
	</object>
</annotation>
