<annotation>
	<folder></folder>
	<filename>plastic050_jpg.rf.1de24d6f8f657d6be3443610dcf60c38.jpg</filename>
	<path>plastic050_jpg.rf.1de24d6f8f657d6be3443610dcf60c38.jpg</path>
	<source>
		<database>roboflow.com</database>
	</source>
	<size>
		<width>300</width>
		<height>300</height>
		<depth>3</depth>
	</size>
	<segmented>0</segmented>
	<object>
		<name>plastic</name>
		<pose>Unspecified</pose>
		<truncated>0</truncated>
		<difficult>0</difficult>
		<occluded>0</occluded>
		<bndbox>
			<xmin>1</xmin>
			<xmax>259</xmax>
			<ymin>9</ymin>
			<ymax>290</ymax>
		</bndbox>
	</object>
	<metadata>
		<tags>
			<tag>food</tag>
			<tag>plastic</tag>
			<tag>wood</tag>
			<tag>paper</tag>
		</tags>
	</metadata>
</annotation>
