<annotation>
	<folder></folder>
	<filename>plastic142_jpg.rf.979a7bfd15aa007ef42e9b6b6409b950.jpg</filename>
	<path>plastic142_jpg.rf.979a7bfd15aa007ef42e9b6b6409b950.jpg</path>
	<source>
		<database>roboflow.com</database>
	</source>
	<size>
		<width>300</width>
		<height>300</height>
		<depth>3</depth>
	</size>
	<segmented>0</segmented>
	<object>
		<name>plastic</name>
		<pose>Unspecified</pose>
		<truncated>0</truncated>
		<difficult>0</difficult>
		<occluded>0</occluded>
		<bndbox>
			<xmin>2</xmin>
			<xmax>269</xmax>
			<ymin>39</ymin>
			<ymax>284</ymax>
		</bndbox>
	</object>
</annotation>
