<annotation>
	<folder></folder>
	<filename>plastic096_jpg.rf.2f77e43c6e99d2779c6aa81887c5fc8f.jpg</filename>
	<path>plastic096_jpg.rf.2f77e43c6e99d2779c6aa81887c5fc8f.jpg</path>
	<source>
		<database>roboflow.com</database>
	</source>
	<size>
		<width>300</width>
		<height>300</height>
		<depth>3</depth>
	</size>
	<segmented>0</segmented>
	<object>
		<name>plastic</name>
		<pose>Unspecified</pose>
		<truncated>0</truncated>
		<difficult>0</difficult>
		<occluded>0</occluded>
		<bndbox>
			<xmin>58</xmin>
			<xmax>229</xmax>
			<ymin>41</ymin>
			<ymax>267</ymax>
		</bndbox>
	</object>
	<metadata>
		<tags>
			<tag>food</tag>
			<tag>plastic</tag>
			<tag>wood</tag>
			<tag>paper</tag>
		</tags>
	</metadata>
</annotation>
