<annotation>
	<folder></folder>
	<filename>plastic107_jpg.rf.cdd74853160cd16ba6fa3a5b6b194b68.jpg</filename>
	<path>plastic107_jpg.rf.cdd74853160cd16ba6fa3a5b6b194b68.jpg</path>
	<source>
		<database>roboflow.com</database>
	</source>
	<size>
		<width>300</width>
		<height>300</height>
		<depth>3</depth>
	</size>
	<segmented>0</segmented>
	<object>
		<name>plastic</name>
		<pose>Unspecified</pose>
		<truncated>0</truncated>
		<difficult>0</difficult>
		<occluded>0</occluded>
		<bndbox>
			<xmin>1</xmin>
			<xmax>301</xmax>
			<ymin>1</ymin>
			<ymax>301</ymax>
		</bndbox>
	</object>
</annotation>
