<annotation>
	<folder></folder>
	<filename>plastic159_jpg.rf.ee8c95c0b7ba47ae1c63c1d8c8b73df3.jpg</filename>
	<path>plastic159_jpg.rf.ee8c95c0b7ba47ae1c63c1d8c8b73df3.jpg</path>
	<source>
		<database>roboflow.com</database>
	</source>
	<size>
		<width>300</width>
		<height>300</height>
		<depth>3</depth>
	</size>
	<segmented>0</segmented>
	<object>
		<name>plastic</name>
		<pose>Unspecified</pose>
		<truncated>0</truncated>
		<difficult>0</difficult>
		<occluded>0</occluded>
		<bndbox>
			<xmin>1</xmin>
			<xmax>301</xmax>
			<ymin>1</ymin>
			<ymax>267</ymax>
		</bndbox>
	</object>
</annotation>
