<annotation>
	<folder></folder>
	<filename>plastic008_jpg.rf.8b8cc889245d8aad83a43abf48e65456.jpg</filename>
	<path>plastic008_jpg.rf.8b8cc889245d8aad83a43abf48e65456.jpg</path>
	<source>
		<database>roboflow.com</database>
	</source>
	<size>
		<width>300</width>
		<height>300</height>
		<depth>3</depth>
	</size>
	<segmented>0</segmented>
	<object>
		<name>plastic</name>
		<pose>Unspecified</pose>
		<truncated>0</truncated>
		<difficult>0</difficult>
		<occluded>0</occluded>
		<bndbox>
			<xmin>66</xmin>
			<xmax>223</xmax>
			<ymin>65</ymin>
			<ymax>277</ymax>
		</bndbox>
	</object>
	<metadata>
		<tags>
			<tag>food</tag>
			<tag>plastic</tag>
			<tag>wood</tag>
			<tag>paper</tag>
		</tags>
	</metadata>
</annotation>
