<annotation>
	<folder></folder>
	<filename>plastic163_jpg.rf.3cad38c6e4a4f0a1539fb28cc35c8523.jpg</filename>
	<path>plastic163_jpg.rf.3cad38c6e4a4f0a1539fb28cc35c8523.jpg</path>
	<source>
		<database>roboflow.com</database>
	</source>
	<size>
		<width>300</width>
		<height>300</height>
		<depth>3</depth>
	</size>
	<segmented>0</segmented>
	<object>
		<name>plastic</name>
		<pose>Unspecified</pose>
		<truncated>0</truncated>
		<difficult>0</difficult>
		<occluded>0</occluded>
		<bndbox>
			<xmin>1</xmin>
			<xmax>255</xmax>
			<ymin>1</ymin>
			<ymax>254</ymax>
		</bndbox>
	</object>
</annotation>
