<annotation>
	<folder></folder>
	<filename>plastic168_jpg.rf.682cc375397b2a63fdf7362cc35816c4.jpg</filename>
	<path>plastic168_jpg.rf.682cc375397b2a63fdf7362cc35816c4.jpg</path>
	<source>
		<database>roboflow.com</database>
	</source>
	<size>
		<width>300</width>
		<height>300</height>
		<depth>3</depth>
	</size>
	<segmented>0</segmented>
	<object>
		<name>plastic</name>
		<pose>Unspecified</pose>
		<truncated>0</truncated>
		<difficult>0</difficult>
		<occluded>0</occluded>
		<bndbox>
			<xmin>1</xmin>
			<xmax>301</xmax>
			<ymin>76</ymin>
			<ymax>238</ymax>
		</bndbox>
	</object>
</annotation>
