<annotation>
	<folder></folder>
	<filename>plastic112_jpg.rf.02c0b7a69e94b016a60eff906c2b6cc2.jpg</filename>
	<path>plastic112_jpg.rf.02c0b7a69e94b016a60eff906c2b6cc2.jpg</path>
	<source>
		<database>roboflow.com</database>
	</source>
	<size>
		<width>300</width>
		<height>300</height>
		<depth>3</depth>
	</size>
	<segmented>0</segmented>
	<object>
		<name>plastic</name>
		<pose>Unspecified</pose>
		<truncated>0</truncated>
		<difficult>0</difficult>
		<occluded>0</occluded>
		<bndbox>
			<xmin>42</xmin>
			<xmax>285</xmax>
			<ymin>1</ymin>
			<ymax>296</ymax>
		</bndbox>
	</object>
</annotation>
