<annotation>
	<folder></folder>
	<filename>plastic102_jpg.rf.c0e1779372019332868fa330f0531aed.jpg</filename>
	<path>plastic102_jpg.rf.c0e1779372019332868fa330f0531aed.jpg</path>
	<source>
		<database>roboflow.com</database>
	</source>
	<size>
		<width>300</width>
		<height>300</height>
		<depth>3</depth>
	</size>
	<segmented>0</segmented>
	<object>
		<name>plastic</name>
		<pose>Unspecified</pose>
		<truncated>0</truncated>
		<difficult>0</difficult>
		<occluded>0</occluded>
		<bndbox>
			<xmin>97</xmin>
			<xmax>172</xmax>
			<ymin>72</ymin>
			<ymax>195</ymax>
		</bndbox>
	</object>
</annotation>
