<annotation>
	<folder></folder>
	<filename>plastic175_jpg.rf.04b430ca32cb4d1b888faf961e98ef36.jpg</filename>
	<path>plastic175_jpg.rf.04b430ca32cb4d1b888faf961e98ef36.jpg</path>
	<source>
		<database>roboflow.com</database>
	</source>
	<size>
		<width>300</width>
		<height>300</height>
		<depth>3</depth>
	</size>
	<segmented>0</segmented>
	<object>
		<name>plastic</name>
		<pose>Unspecified</pose>
		<truncated>0</truncated>
		<difficult>0</difficult>
		<occluded>0</occluded>
		<bndbox>
			<xmin>45</xmin>
			<xmax>224</xmax>
			<ymin>60</ymin>
			<ymax>201</ymax>
		</bndbox>
	</object>
</annotation>
