<annotation>
	<folder></folder>
	<filename>plastic128_jpg.rf.500b9030317c91d04fb92e0c8787b2b9.jpg</filename>
	<path>plastic128_jpg.rf.500b9030317c91d04fb92e0c8787b2b9.jpg</path>
	<source>
		<database>roboflow.com</database>
	</source>
	<size>
		<width>300</width>
		<height>300</height>
		<depth>3</depth>
	</size>
	<segmented>0</segmented>
	<object>
		<name>plastic</name>
		<pose>Unspecified</pose>
		<truncated>0</truncated>
		<difficult>0</difficult>
		<occluded>0</occluded>
		<bndbox>
			<xmin>1</xmin>
			<xmax>246</xmax>
			<ymin>1</ymin>
			<ymax>301</ymax>
		</bndbox>
	</object>
</annotation>
