<annotation>
	<folder></folder>
	<filename>plastic197_jpg.rf.d5dccd35a6de4f5ad1a0b613b0c6ba01.jpg</filename>
	<path>plastic197_jpg.rf.d5dccd35a6de4f5ad1a0b613b0c6ba01.jpg</path>
	<source>
		<database>roboflow.com</database>
	</source>
	<size>
		<width>300</width>
		<height>300</height>
		<depth>3</depth>
	</size>
	<segmented>0</segmented>
	<object>
		<name>plastic</name>
		<pose>Unspecified</pose>
		<truncated>0</truncated>
		<difficult>0</difficult>
		<occluded>0</occluded>
		<bndbox>
			<xmin>11</xmin>
			<xmax>301</xmax>
			<ymin>87</ymin>
			<ymax>245</ymax>
		</bndbox>
	</object>
</annotation>
