<annotation>
	<folder></folder>
	<filename>plastic143_jpg.rf.8ec3adb58293203ced3343b6a36bb02f.jpg</filename>
	<path>plastic143_jpg.rf.8ec3adb58293203ced3343b6a36bb02f.jpg</path>
	<source>
		<database>roboflow.com</database>
	</source>
	<size>
		<width>300</width>
		<height>300</height>
		<depth>3</depth>
	</size>
	<segmented>0</segmented>
	<object>
		<name>plastic</name>
		<pose>Unspecified</pose>
		<truncated>0</truncated>
		<difficult>0</difficult>
		<occluded>0</occluded>
		<bndbox>
			<xmin>30</xmin>
			<xmax>293</xmax>
			<ymin>5</ymin>
			<ymax>243</ymax>
		</bndbox>
	</object>
</annotation>
