<annotation>
	<folder></folder>
	<filename>plastic114_jpg.rf.31f4ed70b29eb2e004e959f0f039cc18.jpg</filename>
	<path>plastic114_jpg.rf.31f4ed70b29eb2e004e959f0f039cc18.jpg</path>
	<source>
		<database>roboflow.com</database>
	</source>
	<size>
		<width>300</width>
		<height>300</height>
		<depth>3</depth>
	</size>
	<segmented>0</segmented>
	<object>
		<name>plastic</name>
		<pose>Unspecified</pose>
		<truncated>0</truncated>
		<difficult>0</difficult>
		<occluded>0</occluded>
		<bndbox>
			<xmin>98</xmin>
			<xmax>301</xmax>
			<ymin>73</ymin>
			<ymax>301</ymax>
		</bndbox>
	</object>
</annotation>
