<annotation>
	<folder></folder>
	<filename>plastic123_jpg.rf.8d2f2eaa93234401b1b484aa9b86662b.jpg</filename>
	<path>plastic123_jpg.rf.8d2f2eaa93234401b1b484aa9b86662b.jpg</path>
	<source>
		<database>roboflow.com</database>
	</source>
	<size>
		<width>300</width>
		<height>300</height>
		<depth>3</depth>
	</size>
	<segmented>0</segmented>
	<object>
		<name>plastic</name>
		<pose>Unspecified</pose>
		<truncated>0</truncated>
		<difficult>0</difficult>
		<occluded>0</occluded>
		<bndbox>
			<xmin>1</xmin>
			<xmax>234</xmax>
			<ymin>22</ymin>
			<ymax>285</ymax>
		</bndbox>
	</object>
</annotation>
