<annotation>
	<folder></folder>
	<filename>plastic165_jpg.rf.6508e3b81c0b40ae88d179aae13d723f.jpg</filename>
	<path>plastic165_jpg.rf.6508e3b81c0b40ae88d179aae13d723f.jpg</path>
	<source>
		<database>roboflow.com</database>
	</source>
	<size>
		<width>300</width>
		<height>300</height>
		<depth>3</depth>
	</size>
	<segmented>0</segmented>
	<object>
		<name>plastic</name>
		<pose>Unspecified</pose>
		<truncated>0</truncated>
		<difficult>0</difficult>
		<occluded>0</occluded>
		<bndbox>
			<xmin>23</xmin>
			<xmax>240</xmax>
			<ymin>1</ymin>
			<ymax>251</ymax>
		</bndbox>
	</object>
</annotation>
