<annotation>
	<folder></folder>
	<filename>plastic185_jpg.rf.a6ccddc46c98f77d73bb58f6ef42900c.jpg</filename>
	<path>plastic185_jpg.rf.a6ccddc46c98f77d73bb58f6ef42900c.jpg</path>
	<source>
		<database>roboflow.com</database>
	</source>
	<size>
		<width>300</width>
		<height>300</height>
		<depth>3</depth>
	</size>
	<segmented>0</segmented>
	<object>
		<name>plastic</name>
		<pose>Unspecified</pose>
		<truncated>0</truncated>
		<difficult>0</difficult>
		<occluded>0</occluded>
		<bndbox>
			<xmin>1</xmin>
			<xmax>301</xmax>
			<ymin>1</ymin>
			<ymax>280</ymax>
		</bndbox>
	</object>
</annotation>
