<annotation>
	<folder></folder>
	<filename>plastic158_jpg.rf.021568294879587bc4a624fcd06eebe5.jpg</filename>
	<path>plastic158_jpg.rf.021568294879587bc4a624fcd06eebe5.jpg</path>
	<source>
		<database>roboflow.com</database>
	</source>
	<size>
		<width>300</width>
		<height>300</height>
		<depth>3</depth>
	</size>
	<segmented>0</segmented>
	<object>
		<name>plastic</name>
		<pose>Unspecified</pose>
		<truncated>0</truncated>
		<difficult>0</difficult>
		<occluded>0</occluded>
		<bndbox>
			<xmin>52</xmin>
			<xmax>253</xmax>
			<ymin>25</ymin>
			<ymax>270</ymax>
		</bndbox>
	</object>
</annotation>
