<annotation>
	<folder></folder>
	<filename>plastic178_jpg.rf.0c3b2766acc8fe2b66b6882ec26254c5.jpg</filename>
	<path>plastic178_jpg.rf.0c3b2766acc8fe2b66b6882ec26254c5.jpg</path>
	<source>
		<database>roboflow.com</database>
	</source>
	<size>
		<width>300</width>
		<height>300</height>
		<depth>3</depth>
	</size>
	<segmented>0</segmented>
	<object>
		<name>plastic</name>
		<pose>Unspecified</pose>
		<truncated>0</truncated>
		<difficult>0</difficult>
		<occluded>0</occluded>
		<bndbox>
			<xmin>63</xmin>
			<xmax>259</xmax>
			<ymin>80</ymin>
			<ymax>254</ymax>
		</bndbox>
	</object>
</annotation>
