<annotation>
	<folder></folder>
	<filename>plastic141_jpg.rf.e2c37d22d92402e5f39fa8f4aa302e0a.jpg</filename>
	<path>plastic141_jpg.rf.e2c37d22d92402e5f39fa8f4aa302e0a.jpg</path>
	<source>
		<database>roboflow.com</database>
	</source>
	<size>
		<width>300</width>
		<height>300</height>
		<depth>3</depth>
	</size>
	<segmented>0</segmented>
	<object>
		<name>plastic</name>
		<pose>Unspecified</pose>
		<truncated>0</truncated>
		<difficult>0</difficult>
		<occluded>0</occluded>
		<bndbox>
			<xmin>1</xmin>
			<xmax>301</xmax>
			<ymin>54</ymin>
			<ymax>301</ymax>
		</bndbox>
	</object>
</annotation>
