<annotation>
	<folder></folder>
	<filename>plastic156_jpg.rf.7e122bda0a9a020eb77b25865fbaad62.jpg</filename>
	<path>plastic156_jpg.rf.7e122bda0a9a020eb77b25865fbaad62.jpg</path>
	<source>
		<database>roboflow.com</database>
	</source>
	<size>
		<width>300</width>
		<height>300</height>
		<depth>3</depth>
	</size>
	<segmented>0</segmented>
	<object>
		<name>plastic</name>
		<pose>Unspecified</pose>
		<truncated>0</truncated>
		<difficult>0</difficult>
		<occluded>0</occluded>
		<bndbox>
			<xmin>1</xmin>
			<xmax>301</xmax>
			<ymin>32</ymin>
			<ymax>301</ymax>
		</bndbox>
	</object>
</annotation>
