<annotation>
	<folder></folder>
	<filename>plastic109_jpg.rf.bee26917d05fd3498d3052cd40bc99a1.jpg</filename>
	<path>plastic109_jpg.rf.bee26917d05fd3498d3052cd40bc99a1.jpg</path>
	<source>
		<database>roboflow.com</database>
	</source>
	<size>
		<width>300</width>
		<height>300</height>
		<depth>3</depth>
	</size>
	<segmented>0</segmented>
	<object>
		<name>plastic</name>
		<pose>Unspecified</pose>
		<truncated>0</truncated>
		<difficult>0</difficult>
		<occluded>0</occluded>
		<bndbox>
			<xmin>23</xmin>
			<xmax>285</xmax>
			<ymin>72</ymin>
			<ymax>237</ymax>
		</bndbox>
	</object>
</annotation>
