<annotation>
	<folder></folder>
	<filename>plastic011_jpg.rf.ccd4ef0db0622257dd3a14057c477c34.jpg</filename>
	<path>plastic011_jpg.rf.ccd4ef0db0622257dd3a14057c477c34.jpg</path>
	<source>
		<database>roboflow.com</database>
	</source>
	<size>
		<width>300</width>
		<height>300</height>
		<depth>3</depth>
	</size>
	<segmented>0</segmented>
	<object>
		<name>plastic</name>
		<pose>Unspecified</pose>
		<truncated>0</truncated>
		<difficult>0</difficult>
		<occluded>0</occluded>
		<bndbox>
			<xmin>42</xmin>
			<xmax>301</xmax>
			<ymin>74</ymin>
			<ymax>248</ymax>
		</bndbox>
	</object>
	<metadata>
		<tags>
			<tag>food</tag>
			<tag>plastic</tag>
			<tag>wood</tag>
			<tag>paper</tag>
		</tags>
	</metadata>
</annotation>
