<annotation>
	<folder></folder>
	<filename>plastic115_jpg.rf.13c7aae829b5d591dd59c7a798b0354e.jpg</filename>
	<path>plastic115_jpg.rf.13c7aae829b5d591dd59c7a798b0354e.jpg</path>
	<source>
		<database>roboflow.com</database>
	</source>
	<size>
		<width>300</width>
		<height>300</height>
		<depth>3</depth>
	</size>
	<segmented>0</segmented>
	<object>
		<name>plastic</name>
		<pose>Unspecified</pose>
		<truncated>0</truncated>
		<difficult>0</difficult>
		<occluded>0</occluded>
		<bndbox>
			<xmin>1</xmin>
			<xmax>218</xmax>
			<ymin>1</ymin>
			<ymax>262</ymax>
		</bndbox>
	</object>
</annotation>
