<annotation>
	<folder></folder>
	<filename>plastic005_jpg.rf.aad731495b75d9c433b1e78394b410d8.jpg</filename>
	<path>plastic005_jpg.rf.aad731495b75d9c433b1e78394b410d8.jpg</path>
	<source>
		<database>roboflow.com</database>
	</source>
	<size>
		<width>300</width>
		<height>300</height>
		<depth>3</depth>
	</size>
	<segmented>0</segmented>
	<object>
		<name>plastic</name>
		<pose>Unspecified</pose>
		<truncated>0</truncated>
		<difficult>0</difficult>
		<occluded>0</occluded>
		<bndbox>
			<xmin>98</xmin>
			<xmax>178</xmax>
			<ymin>38</ymin>
			<ymax>241</ymax>
		</bndbox>
	</object>
	<metadata>
		<tags>
			<tag>food</tag>
			<tag>plastic</tag>
			<tag>wood</tag>
			<tag>paper</tag>
		</tags>
	</metadata>
</annotation>
