<annotation>
	<folder></folder>
	<filename>plastic162_jpg.rf.e642e0c7cf3fe7e8bf203eee65feed24.jpg</filename>
	<path>plastic162_jpg.rf.e642e0c7cf3fe7e8bf203eee65feed24.jpg</path>
	<source>
		<database>roboflow.com</database>
	</source>
	<size>
		<width>300</width>
		<height>300</height>
		<depth>3</depth>
	</size>
	<segmented>0</segmented>
	<object>
		<name>plastic</name>
		<pose>Unspecified</pose>
		<truncated>0</truncated>
		<difficult>0</difficult>
		<occluded>0</occluded>
		<bndbox>
			<xmin>58</xmin>
			<xmax>223</xmax>
			<ymin>35</ymin>
			<ymax>239</ymax>
		</bndbox>
	</object>
</annotation>
