<annotation>
	<folder></folder>
	<filename>plastic064_jpg.rf.f6a72620134f154f936f16acf388fb64.jpg</filename>
	<path>plastic064_jpg.rf.f6a72620134f154f936f16acf388fb64.jpg</path>
	<source>
		<database>roboflow.com</database>
	</source>
	<size>
		<width>300</width>
		<height>300</height>
		<depth>3</depth>
	</size>
	<segmented>0</segmented>
	<object>
		<name>plastic</name>
		<pose>Unspecified</pose>
		<truncated>0</truncated>
		<difficult>0</difficult>
		<occluded>0</occluded>
		<bndbox>
			<xmin>91</xmin>
			<xmax>203</xmax>
			<ymin>66</ymin>
			<ymax>218</ymax>
		</bndbox>
	</object>
	<metadata>
		<tags>
			<tag>food</tag>
			<tag>plastic</tag>
			<tag>wood</tag>
			<tag>paper</tag>
		</tags>
	</metadata>
</annotation>
