<annotation>
	<folder></folder>
	<filename>plastic140_jpg.rf.374e618ad4f3e2e256f1dd98539b1d16.jpg</filename>
	<path>plastic140_jpg.rf.374e618ad4f3e2e256f1dd98539b1d16.jpg</path>
	<source>
		<database>roboflow.com</database>
	</source>
	<size>
		<width>300</width>
		<height>300</height>
		<depth>3</depth>
	</size>
	<segmented>0</segmented>
	<object>
		<name>plastic</name>
		<pose>Unspecified</pose>
		<truncated>0</truncated>
		<difficult>0</difficult>
		<occluded>0</occluded>
		<bndbox>
			<xmin>52</xmin>
			<xmax>301</xmax>
			<ymin>1</ymin>
			<ymax>301</ymax>
		</bndbox>
	</object>
</annotation>
