<annotation>
	<folder></folder>
	<filename>plastic074_jpg.rf.3b12567cbf2b01045a21c5851a2cbff2.jpg</filename>
	<path>plastic074_jpg.rf.3b12567cbf2b01045a21c5851a2cbff2.jpg</path>
	<source>
		<database>roboflow.com</database>
	</source>
	<size>
		<width>300</width>
		<height>300</height>
		<depth>3</depth>
	</size>
	<segmented>0</segmented>
	<object>
		<name>plastic</name>
		<pose>Unspecified</pose>
		<truncated>0</truncated>
		<difficult>0</difficult>
		<occluded>0</occluded>
		<bndbox>
			<xmin>22</xmin>
			<xmax>291</xmax>
			<ymin>111</ymin>
			<ymax>238</ymax>
		</bndbox>
	</object>
	<metadata>
		<tags>
			<tag>food</tag>
			<tag>plastic</tag>
			<tag>wood</tag>
			<tag>paper</tag>
		</tags>
	</metadata>
</annotation>
