<annotation>
	<folder></folder>
	<filename>plastic171_jpg.rf.2cd6e36a672b9e1eb5a1facd0691c8ca.jpg</filename>
	<path>plastic171_jpg.rf.2cd6e36a672b9e1eb5a1facd0691c8ca.jpg</path>
	<source>
		<database>roboflow.com</database>
	</source>
	<size>
		<width>300</width>
		<height>300</height>
		<depth>3</depth>
	</size>
	<segmented>0</segmented>
	<object>
		<name>plastic</name>
		<pose>Unspecified</pose>
		<truncated>0</truncated>
		<difficult>0</difficult>
		<occluded>0</occluded>
		<bndbox>
			<xmin>35</xmin>
			<xmax>239</xmax>
			<ymin>1</ymin>
			<ymax>260</ymax>
		</bndbox>
	</object>
</annotation>
