<annotation>
	<folder></folder>
	<filename>plastic124_jpg.rf.c77f77f756254cf98efe2e1e51173fa9.jpg</filename>
	<path>plastic124_jpg.rf.c77f77f756254cf98efe2e1e51173fa9.jpg</path>
	<source>
		<database>roboflow.com</database>
	</source>
	<size>
		<width>300</width>
		<height>300</height>
		<depth>3</depth>
	</size>
	<segmented>0</segmented>
	<object>
		<name>plastic</name>
		<pose>Unspecified</pose>
		<truncated>0</truncated>
		<difficult>0</difficult>
		<occluded>0</occluded>
		<bndbox>
			<xmin>30</xmin>
			<xmax>283</xmax>
			<ymin>85</ymin>
			<ymax>301</ymax>
		</bndbox>
	</object>
</annotation>
