<annotation>
	<folder></folder>
	<filename>plastic001_jpg.rf.5b91463e91fce95b3836d8fed1ee905d.jpg</filename>
	<path>plastic001_jpg.rf.5b91463e91fce95b3836d8fed1ee905d.jpg</path>
	<source>
		<database>roboflow.com</database>
	</source>
	<size>
		<width>300</width>
		<height>300</height>
		<depth>3</depth>
	</size>
	<segmented>0</segmented>
	<object>
		<name>plastic</name>
		<pose>Unspecified</pose>
		<truncated>0</truncated>
		<difficult>0</difficult>
		<occluded>0</occluded>
		<bndbox>
			<xmin>57</xmin>
			<xmax>198</xmax>
			<ymin>30</ymin>
			<ymax>273</ymax>
		</bndbox>
	</object>
	<metadata>
		<tags>
			<tag>food</tag>
			<tag>plastic</tag>
			<tag>wood</tag>
			<tag>paper</tag>
		</tags>
	</metadata>
</annotation>
