<annotation>
	<folder></folder>
	<filename>plastic160_jpg.rf.f65e5ec62d4ad66a57516752fe9d2be8.jpg</filename>
	<path>plastic160_jpg.rf.f65e5ec62d4ad66a57516752fe9d2be8.jpg</path>
	<source>
		<database>roboflow.com</database>
	</source>
	<size>
		<width>300</width>
		<height>300</height>
		<depth>3</depth>
	</size>
	<segmented>0</segmented>
	<object>
		<name>plastic</name>
		<pose>Unspecified</pose>
		<truncated>0</truncated>
		<difficult>0</difficult>
		<occluded>0</occluded>
		<bndbox>
			<xmin>53</xmin>
			<xmax>295</xmax>
			<ymin>71</ymin>
			<ymax>301</ymax>
		</bndbox>
	</object>
</annotation>
