<annotation>
	<folder></folder>
	<filename>plastic080_jpg.rf.083e65c18512aec1eb8dd0a154f9878d.jpg</filename>
	<path>plastic080_jpg.rf.083e65c18512aec1eb8dd0a154f9878d.jpg</path>
	<source>
		<database>roboflow.com</database>
	</source>
	<size>
		<width>300</width>
		<height>300</height>
		<depth>3</depth>
	</size>
	<segmented>0</segmented>
	<object>
		<name>plastic</name>
		<pose>Unspecified</pose>
		<truncated>0</truncated>
		<difficult>0</difficult>
		<occluded>0</occluded>
		<bndbox>
			<xmin>24</xmin>
			<xmax>288</xmax>
			<ymin>81</ymin>
			<ymax>234</ymax>
		</bndbox>
	</object>
	<metadata>
		<tags>
			<tag>food</tag>
			<tag>plastic</tag>
			<tag>wood</tag>
			<tag>paper</tag>
		</tags>
	</metadata>
</annotation>
