<annotation>
	<folder></folder>
	<filename>plastic147_jpg.rf.e2045cedefff61d82eb3fe97ca76bd75.jpg</filename>
	<path>plastic147_jpg.rf.e2045cedefff61d82eb3fe97ca76bd75.jpg</path>
	<source>
		<database>roboflow.com</database>
	</source>
	<size>
		<width>300</width>
		<height>300</height>
		<depth>3</depth>
	</size>
	<segmented>0</segmented>
	<object>
		<name>plastic</name>
		<pose>Unspecified</pose>
		<truncated>0</truncated>
		<difficult>0</difficult>
		<occluded>0</occluded>
		<bndbox>
			<xmin>72</xmin>
			<xmax>301</xmax>
			<ymin>79</ymin>
			<ymax>290</ymax>
		</bndbox>
	</object>
</annotation>
