<annotation>
	<folder></folder>
	<filename>plastic154_jpg.rf.e83f32f19bca5844159787a7271bc925.jpg</filename>
	<path>plastic154_jpg.rf.e83f32f19bca5844159787a7271bc925.jpg</path>
	<source>
		<database>roboflow.com</database>
	</source>
	<size>
		<width>300</width>
		<height>300</height>
		<depth>3</depth>
	</size>
	<segmented>0</segmented>
	<object>
		<name>plastic</name>
		<pose>Unspecified</pose>
		<truncated>0</truncated>
		<difficult>0</difficult>
		<occluded>0</occluded>
		<bndbox>
			<xmin>1</xmin>
			<xmax>286</xmax>
			<ymin>67</ymin>
			<ymax>248</ymax>
		</bndbox>
	</object>
</annotation>
