<annotation>
	<folder></folder>
	<filename>plastic127_jpg.rf.52a1d3cc0234dd0fa2e17b49030a9711.jpg</filename>
	<path>plastic127_jpg.rf.52a1d3cc0234dd0fa2e17b49030a9711.jpg</path>
	<source>
		<database>roboflow.com</database>
	</source>
	<size>
		<width>300</width>
		<height>300</height>
		<depth>3</depth>
	</size>
	<segmented>0</segmented>
	<object>
		<name>plastic</name>
		<pose>Unspecified</pose>
		<truncated>0</truncated>
		<difficult>0</difficult>
		<occluded>0</occluded>
		<bndbox>
			<xmin>67</xmin>
			<xmax>251</xmax>
			<ymin>31</ymin>
			<ymax>301</ymax>
		</bndbox>
	</object>
</annotation>
