<annotation>
	<folder></folder>
	<filename>plastic017_jpg.rf.f1065c47c72041ba62d714ece08b1b77.jpg</filename>
	<path>plastic017_jpg.rf.f1065c47c72041ba62d714ece08b1b77.jpg</path>
	<source>
		<database>roboflow.com</database>
	</source>
	<size>
		<width>300</width>
		<height>300</height>
		<depth>3</depth>
	</size>
	<segmented>0</segmented>
	<object>
		<name>plastic</name>
		<pose>Unspecified</pose>
		<truncated>0</truncated>
		<difficult>0</difficult>
		<occluded>0</occluded>
		<bndbox>
			<xmin>113</xmin>
			<xmax>242</xmax>
			<ymin>71</ymin>
			<ymax>242</ymax>
		</bndbox>
	</object>
	<metadata>
		<tags>
			<tag>food</tag>
			<tag>plastic</tag>
			<tag>wood</tag>
			<tag>paper</tag>
		</tags>
	</metadata>
</annotation>
