<annotation>
	<folder></folder>
	<filename>plastic118_jpg.rf.507ac844639d19b3d804610d6c51ce04.jpg</filename>
	<path>plastic118_jpg.rf.507ac844639d19b3d804610d6c51ce04.jpg</path>
	<source>
		<database>roboflow.com</database>
	</source>
	<size>
		<width>300</width>
		<height>300</height>
		<depth>3</depth>
	</size>
	<segmented>0</segmented>
	<object>
		<name>plastic</name>
		<pose>Unspecified</pose>
		<truncated>0</truncated>
		<difficult>0</difficult>
		<occluded>0</occluded>
		<bndbox>
			<xmin>78</xmin>
			<xmax>235</xmax>
			<ymin>7</ymin>
			<ymax>297</ymax>
		</bndbox>
	</object>
</annotation>
