<annotation>
	<folder></folder>
	<filename>plastic174_jpg.rf.8e0118616dad58e7c64a589ef3cd5b01.jpg</filename>
	<path>plastic174_jpg.rf.8e0118616dad58e7c64a589ef3cd5b01.jpg</path>
	<source>
		<database>roboflow.com</database>
	</source>
	<size>
		<width>300</width>
		<height>300</height>
		<depth>3</depth>
	</size>
	<segmented>0</segmented>
	<object>
		<name>plastic</name>
		<pose>Unspecified</pose>
		<truncated>0</truncated>
		<difficult>0</difficult>
		<occluded>0</occluded>
		<bndbox>
			<xmin>84</xmin>
			<xmax>204</xmax>
			<ymin>1</ymin>
			<ymax>202</ymax>
		</bndbox>
	</object>
</annotation>
