<annotation>
	<folder></folder>
	<filename>plastic004_jpg.rf.a7207eef7ddcc1a4c9b29a8586e1a447.jpg</filename>
	<path>plastic004_jpg.rf.a7207eef7ddcc1a4c9b29a8586e1a447.jpg</path>
	<source>
		<database>roboflow.com</database>
	</source>
	<size>
		<width>300</width>
		<height>300</height>
		<depth>3</depth>
	</size>
	<segmented>0</segmented>
	<object>
		<name>plastic</name>
		<pose>Unspecified</pose>
		<truncated>0</truncated>
		<difficult>0</difficult>
		<occluded>0</occluded>
		<bndbox>
			<xmin>49</xmin>
			<xmax>224</xmax>
			<ymin>40</ymin>
			<ymax>240</ymax>
		</bndbox>
	</object>
	<metadata>
		<tags>
			<tag>food</tag>
			<tag>plastic</tag>
			<tag>wood</tag>
			<tag>paper</tag>
		</tags>
	</metadata>
</annotation>
