<annotation>
	<folder></folder>
	<filename>plastic056_jpg.rf.1517ee6f8c82eca1545bd3c938049568.jpg</filename>
	<path>plastic056_jpg.rf.1517ee6f8c82eca1545bd3c938049568.jpg</path>
	<source>
		<database>roboflow.com</database>
	</source>
	<size>
		<width>300</width>
		<height>300</height>
		<depth>3</depth>
	</size>
	<segmented>0</segmented>
	<object>
		<name>plastic</name>
		<pose>Unspecified</pose>
		<truncated>0</truncated>
		<difficult>0</difficult>
		<occluded>0</occluded>
		<bndbox>
			<xmin>130</xmin>
			<xmax>286</xmax>
			<ymin>56</ymin>
			<ymax>220</ymax>
		</bndbox>
	</object>
	<metadata>
		<tags>
			<tag>food</tag>
			<tag>plastic</tag>
			<tag>wood</tag>
			<tag>paper</tag>
		</tags>
	</metadata>
</annotation>
