<annotation>
	<folder></folder>
	<filename>plastic014_jpg.rf.f3722132419fa13cda600e2c2540b1d3.jpg</filename>
	<path>plastic014_jpg.rf.f3722132419fa13cda600e2c2540b1d3.jpg</path>
	<source>
		<database>roboflow.com</database>
	</source>
	<size>
		<width>300</width>
		<height>300</height>
		<depth>3</depth>
	</size>
	<segmented>0</segmented>
	<object>
		<name>plastic</name>
		<pose>Unspecified</pose>
		<truncated>0</truncated>
		<difficult>0</difficult>
		<occluded>0</occluded>
		<bndbox>
			<xmin>25</xmin>
			<xmax>272</xmax>
			<ymin>15</ymin>
			<ymax>237</ymax>
		</bndbox>
	</object>
	<metadata>
		<tags>
			<tag>food</tag>
			<tag>plastic</tag>
			<tag>wood</tag>
			<tag>paper</tag>
		</tags>
	</metadata>
</annotation>
