<annotation>
	<folder></folder>
	<filename>plastic130_jpg.rf.12ca2a46388471442dae46f3ededf1ca.jpg</filename>
	<path>plastic130_jpg.rf.12ca2a46388471442dae46f3ededf1ca.jpg</path>
	<source>
		<database>roboflow.com</database>
	</source>
	<size>
		<width>300</width>
		<height>300</height>
		<depth>3</depth>
	</size>
	<segmented>0</segmented>
	<object>
		<name>plastic</name>
		<pose>Unspecified</pose>
		<truncated>0</truncated>
		<difficult>0</difficult>
		<occluded>0</occluded>
		<bndbox>
			<xmin>40</xmin>
			<xmax>292</xmax>
			<ymin>1</ymin>
			<ymax>297</ymax>
		</bndbox>
	</object>
</annotation>
