<annotation>
	<folder></folder>
	<filename>plastic179_jpg.rf.d4a1562d35b3ba2a5e71d2a26aba29b6.jpg</filename>
	<path>plastic179_jpg.rf.d4a1562d35b3ba2a5e71d2a26aba29b6.jpg</path>
	<source>
		<database>roboflow.com</database>
	</source>
	<size>
		<width>300</width>
		<height>300</height>
		<depth>3</depth>
	</size>
	<segmented>0</segmented>
	<object>
		<name>plastic</name>
		<pose>Unspecified</pose>
		<truncated>0</truncated>
		<difficult>0</difficult>
		<occluded>0</occluded>
		<bndbox>
			<xmin>77</xmin>
			<xmax>236</xmax>
			<ymin>28</ymin>
			<ymax>241</ymax>
		</bndbox>
	</object>
</annotation>
