<annotation>
	<folder></folder>
	<filename>plastic038_jpg.rf.2d7e14ac01db9924f168c05aa0b1ec5b.jpg</filename>
	<path>plastic038_jpg.rf.2d7e14ac01db9924f168c05aa0b1ec5b.jpg</path>
	<source>
		<database>roboflow.com</database>
	</source>
	<size>
		<width>300</width>
		<height>300</height>
		<depth>3</depth>
	</size>
	<segmented>0</segmented>
	<object>
		<name>plastic</name>
		<pose>Unspecified</pose>
		<truncated>0</truncated>
		<difficult>0</difficult>
		<occluded>0</occluded>
		<bndbox>
			<xmin>109</xmin>
			<xmax>237</xmax>
			<ymin>42</ymin>
			<ymax>301</ymax>
		</bndbox>
	</object>
	<metadata>
		<tags>
			<tag>food</tag>
			<tag>plastic</tag>
			<tag>wood</tag>
			<tag>paper</tag>
		</tags>
	</metadata>
</annotation>
