<annotation>
	<folder></folder>
	<filename>plastic134_jpg.rf.817b3d4e8d5fae11b5ed9c89f8e076a9.jpg</filename>
	<path>plastic134_jpg.rf.817b3d4e8d5fae11b5ed9c89f8e076a9.jpg</path>
	<source>
		<database>roboflow.com</database>
	</source>
	<size>
		<width>300</width>
		<height>300</height>
		<depth>3</depth>
	</size>
	<segmented>0</segmented>
	<object>
		<name>plastic</name>
		<pose>Unspecified</pose>
		<truncated>0</truncated>
		<difficult>0</difficult>
		<occluded>0</occluded>
		<bndbox>
			<xmin>13</xmin>
			<xmax>301</xmax>
			<ymin>1</ymin>
			<ymax>301</ymax>
		</bndbox>
	</object>
</annotation>
