<annotation>
	<folder></folder>
	<filename>plastic177_jpg.rf.056fbe73fdf079593f6c7c06c60bdf8e.jpg</filename>
	<path>plastic177_jpg.rf.056fbe73fdf079593f6c7c06c60bdf8e.jpg</path>
	<source>
		<database>roboflow.com</database>
	</source>
	<size>
		<width>300</width>
		<height>300</height>
		<depth>3</depth>
	</size>
	<segmented>0</segmented>
	<object>
		<name>plastic</name>
		<pose>Unspecified</pose>
		<truncated>0</truncated>
		<difficult>0</difficult>
		<occluded>0</occluded>
		<bndbox>
			<xmin>1</xmin>
			<xmax>301</xmax>
			<ymin>60</ymin>
			<ymax>301</ymax>
		</bndbox>
	</object>
</annotation>
