<annotation>
	<folder></folder>
	<filename>plastic190_jpg.rf.52f96be7717317ba39fbad484b3b7203.jpg</filename>
	<path>plastic190_jpg.rf.52f96be7717317ba39fbad484b3b7203.jpg</path>
	<source>
		<database>roboflow.com</database>
	</source>
	<size>
		<width>300</width>
		<height>300</height>
		<depth>3</depth>
	</size>
	<segmented>0</segmented>
	<object>
		<name>plastic</name>
		<pose>Unspecified</pose>
		<truncated>0</truncated>
		<difficult>0</difficult>
		<occluded>0</occluded>
		<bndbox>
			<xmin>49</xmin>
			<xmax>299</xmax>
			<ymin>26</ymin>
			<ymax>301</ymax>
		</bndbox>
	</object>
</annotation>
