<annotation>
	<folder></folder>
	<filename>plastic079_jpg.rf.283952479f4b54390418c28a3d6bc4e4.jpg</filename>
	<path>plastic079_jpg.rf.283952479f4b54390418c28a3d6bc4e4.jpg</path>
	<source>
		<database>roboflow.com</database>
	</source>
	<size>
		<width>300</width>
		<height>300</height>
		<depth>3</depth>
	</size>
	<segmented>0</segmented>
	<object>
		<name>plastic</name>
		<pose>Unspecified</pose>
		<truncated>0</truncated>
		<difficult>0</difficult>
		<occluded>0</occluded>
		<bndbox>
			<xmin>86</xmin>
			<xmax>223</xmax>
			<ymin>113</ymin>
			<ymax>208</ymax>
		</bndbox>
	</object>
	<metadata>
		<tags>
			<tag>food</tag>
			<tag>plastic</tag>
			<tag>wood</tag>
			<tag>paper</tag>
		</tags>
	</metadata>
</annotation>
