<annotation>
	<folder></folder>
	<filename>plastic098_jpg.rf.295f80387d6df3144777d66a156d66bb.jpg</filename>
	<path>plastic098_jpg.rf.295f80387d6df3144777d66a156d66bb.jpg</path>
	<source>
		<database>roboflow.com</database>
	</source>
	<size>
		<width>300</width>
		<height>300</height>
		<depth>3</depth>
	</size>
	<segmented>0</segmented>
	<object>
		<name>plastic</name>
		<pose>Unspecified</pose>
		<truncated>0</truncated>
		<difficult>0</difficult>
		<occluded>0</occluded>
		<bndbox>
			<xmin>86</xmin>
			<xmax>157</xmax>
			<ymin>109</ymin>
			<ymax>231</ymax>
		</bndbox>
	</object>
	<metadata>
		<tags>
			<tag>food</tag>
			<tag>plastic</tag>
			<tag>wood</tag>
			<tag>paper</tag>
		</tags>
	</metadata>
</annotation>
