<annotation>
	<folder></folder>
	<filename>plastic012_jpg.rf.a966da87cea4c33e08ef1a95449b8683.jpg</filename>
	<path>plastic012_jpg.rf.a966da87cea4c33e08ef1a95449b8683.jpg</path>
	<source>
		<database>roboflow.com</database>
	</source>
	<size>
		<width>300</width>
		<height>300</height>
		<depth>3</depth>
	</size>
	<segmented>0</segmented>
	<object>
		<name>plastic</name>
		<pose>Unspecified</pose>
		<truncated>0</truncated>
		<difficult>0</difficult>
		<occluded>0</occluded>
		<bndbox>
			<xmin>95</xmin>
			<xmax>247</xmax>
			<ymin>33</ymin>
			<ymax>231</ymax>
		</bndbox>
	</object>
	<metadata>
		<tags>
			<tag>food</tag>
			<tag>plastic</tag>
			<tag>wood</tag>
			<tag>paper</tag>
		</tags>
	</metadata>
</annotation>
