<annotation>
	<folder></folder>
	<filename>wood113_jpg.rf.97acde6fef00a54d0d13d0a6384595dc.jpg</filename>
	<path>wood113_jpg.rf.97acde6fef00a54d0d13d0a6384595dc.jpg</path>
	<source>
		<database>roboflow.com</database>
	</source>
	<size>
		<width>300</width>
		<height>300</height>
		<depth>3</depth>
	</size>
	<segmented>0</segmented>
	<object>
		<name>wood</name>
		<pose>Unspecified</pose>
		<truncated>0</truncated>
		<difficult>0</difficult>
		<occluded>0</occluded>
		<bndbox>
			<xmin>6</xmin>
			<xmax>295</xmax>
			<ymin>13</ymin>
			<ymax>268</ymax>
		</bndbox>
	</object>
</annotation>
