<annotation>
	<folder></folder>
	<filename>wood111_jpg.rf.097925fde931a56a8ceb24141ac64493.jpg</filename>
	<path>wood111_jpg.rf.097925fde931a56a8ceb24141ac64493.jpg</path>
	<source>
		<database>roboflow.com</database>
	</source>
	<size>
		<width>300</width>
		<height>300</height>
		<depth>3</depth>
	</size>
	<segmented>0</segmented>
	<object>
		<name>wood</name>
		<pose>Unspecified</pose>
		<truncated>0</truncated>
		<difficult>0</difficult>
		<occluded>0</occluded>
		<bndbox>
			<xmin>36</xmin>
			<xmax>134</xmax>
			<ymin>38</ymin>
			<ymax>134</ymax>
		</bndbox>
	</object>
	<object>
		<name>wood</name>
		<pose>Unspecified</pose>
		<truncated>0</truncated>
		<difficult>0</difficult>
		<occluded>0</occluded>
		<bndbox>
			<xmin>162</xmin>
			<xmax>265</xmax>
			<ymin>36</ymin>
			<ymax>132</ymax>
		</bndbox>
	</object>
	<object>
		<name>wood</name>
		<pose>Unspecified</pose>
		<truncated>0</truncated>
		<difficult>0</difficult>
		<occluded>0</occluded>
		<bndbox>
			<xmin>33</xmin>
			<xmax>143</xmax>
			<ymin>156</ymin>
			<ymax>254</ymax>
		</bndbox>
	</object>
	<object>
		<name>wood</name>
		<pose>Unspecified</pose>
		<truncated>0</truncated>
		<difficult>0</difficult>
		<occluded>0</occluded>
		<bndbox>
			<xmin>168</xmin>
			<xmax>269</xmax>
			<ymin>148</ymin>
			<ymax>254</ymax>
		</bndbox>
	</object>
</annotation>
