<annotation>
	<folder></folder>
	<filename>wood105_jpg.rf.8a6137b739da1df84e5d8bec4d97dac3.jpg</filename>
	<path>wood105_jpg.rf.8a6137b739da1df84e5d8bec4d97dac3.jpg</path>
	<source>
		<database>roboflow.com</database>
	</source>
	<size>
		<width>300</width>
		<height>300</height>
		<depth>3</depth>
	</size>
	<segmented>0</segmented>
	<object>
		<name>wood</name>
		<pose>Unspecified</pose>
		<truncated>0</truncated>
		<difficult>0</difficult>
		<occluded>0</occluded>
		<bndbox>
			<xmin>6</xmin>
			<xmax>296</xmax>
			<ymin>36</ymin>
			<ymax>279</ymax>
		</bndbox>
	</object>
</annotation>
