<annotation>
	<folder></folder>
	<filename>wood102_jpg.rf.5b744c46fc0ecd6398a42eee6a5fcfad.jpg</filename>
	<path>wood102_jpg.rf.5b744c46fc0ecd6398a42eee6a5fcfad.jpg</path>
	<source>
		<database>roboflow.com</database>
	</source>
	<size>
		<width>300</width>
		<height>300</height>
		<depth>3</depth>
	</size>
	<segmented>0</segmented>
	<object>
		<name>wood</name>
		<pose>Unspecified</pose>
		<truncated>0</truncated>
		<difficult>0</difficult>
		<occluded>0</occluded>
		<bndbox>
			<xmin>1</xmin>
			<xmax>300</xmax>
			<ymin>132</ymin>
			<ymax>301</ymax>
		</bndbox>
	</object>
</annotation>
