<annotation>
	<folder></folder>
	<filename>wood104_jpg.rf.cc09855dc283cd597bfc833b2e937e5e.jpg</filename>
	<path>wood104_jpg.rf.cc09855dc283cd597bfc833b2e937e5e.jpg</path>
	<source>
		<database>roboflow.com</database>
	</source>
	<size>
		<width>300</width>
		<height>300</height>
		<depth>3</depth>
	</size>
	<segmented>0</segmented>
	<object>
		<name>wood</name>
		<pose>Unspecified</pose>
		<truncated>0</truncated>
		<difficult>0</difficult>
		<occluded>0</occluded>
		<bndbox>
			<xmin>28</xmin>
			<xmax>273</xmax>
			<ymin>33</ymin>
			<ymax>275</ymax>
		</bndbox>
	</object>
</annotation>
