<annotation>
	<folder></folder>
	<filename>wood101_jpg.rf.95bc482abb1a60247bcdaea34a4956cb.jpg</filename>
	<path>wood101_jpg.rf.95bc482abb1a60247bcdaea34a4956cb.jpg</path>
	<source>
		<database>roboflow.com</database>
	</source>
	<size>
		<width>300</width>
		<height>300</height>
		<depth>3</depth>
	</size>
	<segmented>0</segmented>
	<object>
		<name>wood</name>
		<pose>Unspecified</pose>
		<truncated>0</truncated>
		<difficult>0</difficult>
		<occluded>0</occluded>
		<bndbox>
			<xmin>23</xmin>
			<xmax>268</xmax>
			<ymin>53</ymin>
			<ymax>274</ymax>
		</bndbox>
	</object>
</annotation>
