<annotation>
	<folder></folder>
	<filename>wood107_jpg.rf.81ac0cf77e097a0e54e32bcc3352f375.jpg</filename>
	<path>wood107_jpg.rf.81ac0cf77e097a0e54e32bcc3352f375.jpg</path>
	<source>
		<database>roboflow.com</database>
	</source>
	<size>
		<width>300</width>
		<height>300</height>
		<depth>3</depth>
	</size>
	<segmented>0</segmented>
	<object>
		<name>wood</name>
		<pose>Unspecified</pose>
		<truncated>0</truncated>
		<difficult>0</difficult>
		<occluded>0</occluded>
		<bndbox>
			<xmin>1</xmin>
			<xmax>299</xmax>
			<ymin>4</ymin>
			<ymax>301</ymax>
		</bndbox>
	</object>
</annotation>
