<annotation>
	<folder></folder>
	<filename>wood054_jpg.rf.2fea2de39f1575ba77c460b257f522c7.jpg</filename>
	<path>wood054_jpg.rf.2fea2de39f1575ba77c460b257f522c7.jpg</path>
	<source>
		<database>roboflow.com</database>
	</source>
	<size>
		<width>300</width>
		<height>300</height>
		<depth>3</depth>
	</size>
	<segmented>0</segmented>
	<object>
		<name>wood</name>
		<pose>Unspecified</pose>
		<truncated>0</truncated>
		<difficult>0</difficult>
		<occluded>0</occluded>
		<bndbox>
			<xmin>1</xmin>
			<xmax>301</xmax>
			<ymin>1</ymin>
			<ymax>301</ymax>
		</bndbox>
	</object>
	<metadata>
		<tags>
			<tag>food</tag>
			<tag>plastic</tag>
			<tag>wood</tag>
			<tag>paper</tag>
		</tags>
	</metadata>
</annotation>
