<annotation>
	<folder></folder>
	<filename>wood110_jpg.rf.ca3349dc59c45414c512fc3069a1df2b.jpg</filename>
	<path>wood110_jpg.rf.ca3349dc59c45414c512fc3069a1df2b.jpg</path>
	<source>
		<database>roboflow.com</database>
	</source>
	<size>
		<width>300</width>
		<height>300</height>
		<depth>3</depth>
	</size>
	<segmented>0</segmented>
	<object>
		<name>wood</name>
		<pose>Unspecified</pose>
		<truncated>0</truncated>
		<difficult>0</difficult>
		<occluded>0</occluded>
		<bndbox>
			<xmin>19</xmin>
			<xmax>262</xmax>
			<ymin>2</ymin>
			<ymax>152</ymax>
		</bndbox>
	</object>
	<object>
		<name>wood</name>
		<pose>Unspecified</pose>
		<truncated>0</truncated>
		<difficult>0</difficult>
		<occluded>0</occluded>
		<bndbox>
			<xmin>10</xmin>
			<xmax>277</xmax>
			<ymin>158</ymin>
			<ymax>299</ymax>
		</bndbox>
	</object>
</annotation>
