<annotation>
	<folder></folder>
	<filename>wood115_jpg.rf.27e4652f0e9d5c18359f5c772433348f.jpg</filename>
	<path>wood115_jpg.rf.27e4652f0e9d5c18359f5c772433348f.jpg</path>
	<source>
		<database>roboflow.com</database>
	</source>
	<size>
		<width>300</width>
		<height>300</height>
		<depth>3</depth>
	</size>
	<segmented>0</segmented>
	<object>
		<name>wood</name>
		<pose>Unspecified</pose>
		<truncated>0</truncated>
		<difficult>0</difficult>
		<occluded>0</occluded>
		<bndbox>
			<xmin>1</xmin>
			<xmax>301</xmax>
			<ymin>69</ymin>
			<ymax>292</ymax>
		</bndbox>
	</object>
</annotation>
