<annotation>
	<folder></folder>
	<filename>wood103_jpg.rf.52f470879cd17beda282855fc219e108.jpg</filename>
	<path>wood103_jpg.rf.52f470879cd17beda282855fc219e108.jpg</path>
	<source>
		<database>roboflow.com</database>
	</source>
	<size>
		<width>300</width>
		<height>300</height>
		<depth>3</depth>
	</size>
	<segmented>0</segmented>
	<object>
		<name>wood</name>
		<pose>Unspecified</pose>
		<truncated>0</truncated>
		<difficult>0</difficult>
		<occluded>0</occluded>
		<bndbox>
			<xmin>82</xmin>
			<xmax>237</xmax>
			<ymin>50</ymin>
			<ymax>288</ymax>
		</bndbox>
	</object>
</annotation>
